,A,B,C,D
2000-01-01,1.1762820176897193,2.7792251239418726,-1.0816608525968272,0.37854477879052484
2000-01-02,0.48898881458057586,2.702061526043835,-1.775058348201477,0.19960634601449284
2000-01-03,1.2709378699899763,4.162194235271804,-2.6484927498364623,-0.3764742607177945
2000-01-04,1.501199393980746,4.540039076452688,-2.3532092199191608,-0.9566476965117059
2000-01-05,2.5923515475417362,4.010518630605748,-1.324802912038819,-0.633252662985841
2000-01-06,1.7014818323603804,3.121446116598661,-1.8827298198537554,-1.7671288837843022
2000-01-07,1.8753259632215404,3.0880156871299813,-2.466472524839333,-1.0223342099666262
2000-01-08,0.45286655252085617,2.5848778109887522,-2.7743798533676705,-0.008815941893886903
2000-01-09,-0.8775095624597788,0.9400134516760896,-2.0382058869581323,0.22437087747255433
2000-01-10,0.0430981311887374,1.6730921796061684,-2.5158730904027973,2.8377966615702945
2000-01-11,-0.4147626914281007,2.613762554317341,-3.716917329299874,2.2711976507157856
2000-01-12,0.5550451582985914,3.1368149997516106,-3.9545799442931036,1.5175406701836562
2000-01-13,0.8265925283707766,3.52691809998272,-4.194077216313227,0.6282379809186399
2000-01-14,0.21992180493207192,3.729774139633367,-2.790808807895006,2.109748100731945
2000-01-15,0.40777816177113047,3.482287299115847,-3.3014425171021693,1.9122314841004882
2000-01-16,0.7063789740638803,1.8679604083655081,-4.275770720555876,2.1716413358322435
2000-01-17,-0.16742770235375493,2.644520157119458,-4.5502785866360655,0.797926343865899
2000-01-18,0.8566345041419166,3.6520199978862635,-4.73511354363048,2.3946523180515733
2000-01-19,2.2826244723306637,3.636536417749036,-5.924007975555826,3.5490887893646414
2000-01-20,1.7244517943754922,3.498718459489565,-6.561136674759231,3.8961968588186755
2000-01-21,0.8991227116978544,2.8724061107999574,-7.040776107293135,2.5680742231791847
2000-01-22,0.056080119353392854,2.203759183018772,-7.298960664141504,3.708977251208057
2000-01-23,1.5526568425621814,3.0862561965812043,-7.966664104410862,4.399993384067196
2000-01-24,0.5288827557138533,1.5992068457944182,-7.5363805196062605,4.286773250262807
2000-01-25,-0.2834645635997399,0.5525589390684835,-6.398141615193499,5.593933659278964
2000-01-26,1.477920610093934,2.22327593342888,-6.690580566860416,5.956381203236919
2000-01-27,1.8931621310377837,2.244045925165401,-6.271134331599809,5.857094829490079
2000-01-28,1.4317839028335269,3.5196281932187006,-6.057994018944665,6.119755709902092
2000-01-29,0.4293887600248818,3.5923105764998664,-3.9699078718675995,5.032771222452617
2000-01-30,0.7019241802191016,2.8973002125162344,-5.180937413070131,4.757177020764805
2000-01-31,-0.6136520673288153,2.4162175265731047,-4.931420043903998,4.181926501678595
2000-02-01,-2.390069133675964,3.5241350420616713,-5.344651163539922,4.478535950817641
2000-02-02,-3.1299633686685304,1.7339447480749273,-5.43020432252914,3.475560051161204
2000-02-03,-4.148119164472308,0.9803554168186034,-4.8028941532849405,2.502413504165981
2000-02-04,-3.9943781952529323,1.1191637252521813,-4.774355056408774,1.5097317674101263
2000-02-05,-4.140923098229878,1.1532954469104735,-4.130204522164718,2.36023479125386
2000-02-06,-3.7544115409657386,2.436608797415328,-4.245538414605068,1.7363025193590995
2000-02-07,-2.2745188878913956,1.4045651269178003,-4.645390142299564,1.199519825201273
2000-02-08,-1.5356903612252188,0.9862091200926311,-4.602454803339391,1.6676361907685637
2000-02-09,-0.5104207122613853,1.2946337682269313,-4.099473299328575,0.13450463713126015
2000-02-10,-1.7877032488825906,1.7255980365731753,-4.878056800222155,1.031788998695556
2000-02-11,-2.6004576486066417,1.7768783461202406,-3.986849209295451,0.6752020685045984
2000-02-12,-2.2732163169710264,0.9579505990114595,-3.186385373625504,1.7191987830151336
2000-02-13,-2.945921237920526,0.7421623876377477,-2.4516836484235665,0.1167789315213621
2000-02-14,-1.9449156960486136,1.170799621773026,-2.7492005065189877,-0.6266465238024543
2000-02-15,-1.0957171439583107,0.1402761081617523,-2.5181333812005158,-0.9430366365932491
2000-02-16,-0.5038285518542602,-1.253774950459133,-3.322669019425099,-2.8431258556020356
2000-02-17,-0.18063169638100512,-3.197612173786342,-2.2552772274302746,-2.49268671778083
2000-02-18,0.24459889197391088,-4.188803392612164,-1.7813366040187009,-1.1563973417684277
2000-02-19,1.1075642105483978,-3.754284934651629,-2.138198036791809,-0.27531801344377216
2000-02-20,0.5191827264601822,-3.1227489008952114,-1.9131367171468538,-2.0617762382070186
2000-02-21,-0.8644065561456021,-3.275395568225445,-3.4263748267849046,-4.208959976294732
2000-02-22,-1.1556991466869206,-4.192575587480252,-2.771601136855214,-5.57730477226528
2000-02-23,-0.8586340727632751,-4.433479339902334,-3.6507256720644135,-6.402609066944322
2000-02-24,-0.6703634505902409,-4.641042326838662,-3.766645549875317,-6.210533182288405
2000-02-25,-0.5587331138104689,-4.309024605102404,-5.860096269166735,-5.489266740527089
2000-02-26,-1.6723202959726642,-3.9821067511925343,-7.464632853287097,-5.19102695502073
2000-02-27,-2.280046421057362,-3.8373550521267585,-7.948869893432977,-4.2812783143566895
2000-02-28,-3.0129825969068698,-2.3993249708782556,-6.6819417189055725,-3.869877166679413
2000-02-29,-2.7586876729148795,-2.8920927507567558,-8.312370288334197,-3.392228420005016
2000-03-01,-2.4443473467995713,-4.3294834704846314,-9.523332568804637,-3.233995334975828
2000-03-02,-3.3493498305421565,-3.416769614417263,-9.431851564526983,-2.0438734563286083
2000-03-03,-4.176335226819594,-3.977372503309042,-9.87263373533241,-2.424561142594634
2000-03-04,-5.316137742067417,-4.308965960231511,-9.369159921262321,-1.2126899375743063
2000-03-05,-6.052816286933556,-4.645806908922927,-9.507340437360462,0.31194175946174263
2000-03-06,-6.656624222236122,-5.419654300146822,-7.277714868186861,1.1752991424205743
2000-03-07,-6.5675410395539,-5.630679330763393,-7.737821557490982,2.276192457933254
2000-03-08,-6.527162711714537,-3.6844193265014162,-7.23622558606829,0.8610587198080857
2000-03-09,-6.038213605892012,-2.109078902106889,-8.66345760434226,0.9532687555018176
2000-03-10,-3.832233835001857,-2.001945552247318,-10.142279997559386,2.219751853969636
2000-03-11,-3.5121308492612595,-2.9913393470525746,-9.8595709155833,1.9091206588271632
2000-03-12,-3.1047974926431148,-2.210145349321877,-10.221744728693135,1.431337169815033
2000-03-13,-1.3822877775880777,-2.431149875780209,-9.905374986336293,2.6028330043321404
2000-03-14,-0.08452759753650319,-1.0717508242785037,-10.103894631908382,0.7985424200924425
2000-03-15,-0.7401682796029673,0.16590740356568667,-10.183447051088764,-0.37168602619506474
2000-03-16,-1.3146226269224408,0.39385384609460244,-9.801973389589335,-1.332846365657072
2000-03-17,-1.1941508132844638,-0.23699189231634715,-10.389116162890991,-1.9088402233477546
2000-03-18,-0.18668408075878284,-1.0916780379061195,-9.719870877006992,-2.8478551555894236
2000-03-19,0.22111023734835278,-2.885159973381681,-8.485306298203946,-2.7201412403720187
2000-03-20,0.018882876966376055,-4.114644837597966,-9.53326415902838,-1.6434478973236446
2000-03-21,0.48497750967992914,-4.5081555752124425,-10.723509770219973,-2.0427686949861057
2000-03-22,-1.0664940357813866,-3.9589350157315404,-10.608548126482145,-0.9872996507812384
2000-03-23,0.13903465776631707,-2.9427060588295566,-10.695436704006886,-0.5561513257105232
2000-03-24,-0.4139324325480933,-2.404858699336207,-12.06615916861799,-0.8342208563300898
2000-03-25,-0.9707860890390916,-2.8803085589112425,-12.243751135124223,-1.8928331057443213
2000-03-26,-0.7854056720809534,-2.4434609437389434,-13.519230945962823,-1.375257979518223
2000-03-27,-2.1168047060132293,-4.136839831485238,-12.376573142602883,-0.33573553430816117
2000-03-28,-3.9554076290972415,-4.520569383378406,-12.730727190661272,-0.2569788473220792
2000-03-29,-2.9174491418562774,-6.903710188892255,-12.513578624302866,-0.6405777546155451
2000-03-30,-2.4865889230731733,-6.100705735232836,-11.265480043541828,-1.1995874763477845
2000-03-31,-2.3388597843122683,-5.477471262134971,-11.258428437850593,-2.776384964793139
2000-04-01,-1.8258369855247394,-6.992798976761581,-11.101534574392286,-0.30255146899730967
2000-04-02,-1.7141294346184663,-7.635589442307458,-12.497965895027104,-0.952892307906008
2000-04-03,-1.6580366635534964,-7.694492303450133,-11.870801141754288,-0.5201365091229446
2000-04-04,-1.1998595753115213,-8.602956268803208,-11.237264265396597,-1.0491380280720928
2000-04-05,-1.7681687982698107,-10.251548809162854,-11.918986898598096,-1.4864219048358929
2000-04-06,-1.5007854052629743,-10.124119357074798,-12.314079099408607,-1.4370460405018484
2000-04-07,-2.114820442023256,-9.07345305329017,-12.770764526167948,-1.6811698906738426
2000-04-08,-1.8249338172405944,-8.567100394640937,-12.819272102523264,-1.5848541882237994
2000-04-09,-2.2859356088958838,-8.094111767964268,-10.904007840595822,-0.8392983457815097
2000-04-10,-1.237443637491924,-6.772438365159853,-10.53507733081436,-1.7338633583960892
2000-04-11,-0.24425983568263898,-6.80169149934854,-11.445998874981086,-2.459596407211496
2000-04-12,-0.06884420020596654,-4.824046148382721,-11.665313549674492,-3.131309177956087
2000-04-13,0.5499148689520503,-3.8595900495926037,-10.713903438430494,-3.44429365004009
2000-04-14,0.9896582881671627,-5.927379096636207,-8.932039783065196,-3.4726492341072444
2000-04-15,-0.4283616774315999,-7.149145682775747,-9.513233564256398,-5.231158834322481
2000-04-16,-0.7924577546168199,-5.484234288710134,-9.245985624740204,-4.737956851156784
2000-04-17,-1.807100541089572,-6.727520622431036,-10.463464412181416,-5.6993145292072755
2000-04-18,-2.765118773424516,-6.169017262831612,-10.745153846453423,-6.262589912642251
2000-04-19,-1.8962554170537853,-5.615637698869749,-10.461962348317792,-6.282514167020166
2000-04-20,0.8559171793974101,-5.783384197833011,-10.398144462719056,-8.402528245848126
2000-04-21,1.5452553541977752,-4.261634079092276,-9.463863585068186,-8.58816585896184
2000-04-22,2.3702943045435205,-3.1422241412130356,-8.914907977701569,-8.772921176829426
2000-04-23,3.049006923407372,-2.2275660744980414,-9.322910435434327,-8.073485183002209
2000-04-24,0.8432966033600495,-2.6952347415416567,-10.175168086171839,-9.740397779754758
2000-04-25,-0.27079665519960483,-2.9090830465297746,-11.227062272621877,-11.080432648955005
2000-04-26,-1.5054858735323429,-1.1952698137970033,-12.403880183328956,-12.409854413503451
2000-04-27,-1.880661889571326,-0.9748595844162278,-12.827078094635322,-13.03061353874453
2000-04-28,-2.8872428020631666,-2.9125334374239165,-14.448425337308887,-12.10462700932216
2000-04-29,-0.6919508143601929,-1.7615598070268372,-14.357952863771986,-12.848999361971591
2000-04-30,1.9251767837118279,-1.6680446964116225,-15.054780616438668,-12.329251380376647
2000-05-01,0.27768916691467593,-0.5998833273227497,-16.29426116999124,-12.687307306350181
2000-05-02,2.9640219582846994,0.4992029902020747,-16.46652277870411,-13.30782266215125
2000-05-03,2.6741600339748954,1.7424756661658756,-18.368685096851156,-13.278955355587618
2000-05-04,1.1997489264986714,0.9765545899358224,-17.76773815624188,-13.577864421557635
2000-05-05,1.2356139946338662,2.2231026535806873,-16.947563585373658,-14.575756090338224
2000-05-06,3.6086615107467495,2.886050190428952,-18.139811032514046,-16.153749548917308
2000-05-07,4.898261054283655,2.6255416959294755,-17.551467563708535,-15.29420459482837
2000-05-08,4.2627820218162435,2.0677102024528575,-17.124056900298463,-13.750212368115609
2000-05-09,4.184820605162451,3.9261326041318036,-17.017722137399385,-13.402403207097944
2000-05-10,6.540891591893803,3.9607804484665134,-19.526165150463875,-13.272999075152843
2000-05-11,7.958336108443983,5.27938584296292,-21.804250166972384,-12.459887959337994
2000-05-12,7.594879944461392,4.306255323056883,-21.059481327990277,-13.159447671144827
2000-05-13,8.356718138056252,4.76495981241132,-20.747433195931574,-13.36339888397305
2000-05-14,8.87884114012847,5.253759286292293,-19.582097012871877,-13.500103325642554
2000-05-15,9.276996603596503,6.264362484659302,-18.793730832437475,-14.08361405676094
2000-05-16,9.236896412935733,5.861840299165871,-19.01256976928073,-14.868258725539917
2000-05-17,8.223948619809432,4.723013062590806,-20.83540488140243,-14.539931541891125
2000-05-18,7.2462301535599245,6.197404127699436,-20.750333856174937,-15.463937348322743
2000-05-19,6.649464567272528,5.281209549802876,-20.113431491068575,-16.074233315248907
2000-05-20,6.477767763918249,3.993802649892328,-19.756518580907876,-17.312456514829123
2000-05-21,6.198491196700679,4.910059287603248,-20.907839541965153,-17.022915961558763
2000-05-22,4.55817781994803,4.5633139941510334,-20.446970938758675,-16.350510040441065
2000-05-23,5.12677388875055,4.145029316959173,-18.83086613364806,-17.01243434284997
2000-05-24,5.033458511395961,3.694292979074895,-18.540817621037355,-17.737089765465733
2000-05-25,5.937656947958954,3.2251496446772556,-17.95056205998939,-18.513299456695005
2000-05-26,4.562639031265892,3.63274661680653,-17.410890301811346,-17.409475383808324
2000-05-27,4.269871055733918,4.374024770855072,-17.486340368689703,-15.779805018988961
2000-05-28,4.271640596828983,4.8775999859490575,-16.69772353143617,-17.944322959326872
2000-05-29,2.2815767703532743,3.743409381688854,-17.241331051698626,-19.973778363704117
2000-05-30,1.4764130435690888,5.078372877838797,-17.184423686672623,-18.89667501909637
2000-05-31,1.14558127944372,6.0212221494962135,-17.836567676313607,-18.288282814727427
2000-06-01,1.2927108510653633,5.489095136400215,-17.98830610509642,-16.95271053210364
2000-06-02,0.34136197410751257,5.572586974997421,-19.210517727277164,-17.609133188591095
2000-06-03,-0.33957873736473676,5.244980340419005,-19.88492706739167,-18.423497577518187
2000-06-04,-0.5241153933942472,4.303602611004678,-20.26540464532933,-18.83309609474946
2000-06-05,-1.4071518440864015,4.546497557135171,-21.664953977013507,-18.220434731533434
2000-06-06,-1.5898520659539614,5.877258665602087,-21.611734151076494,-17.45348390081628
2000-06-07,-2.09135701708197,5.520514774106258,-20.369787129236745,-17.123142604945407
2000-06-08,-2.2939096604729734,6.083436942659053,-21.93589710852276,-16.022174759207505
2000-06-09,-2.179785080073922,6.024798297704536,-20.942836433222748,-15.896147815057512
2000-06-10,-3.5287562225636546,8.20083215211827,-20.919760803472577,-14.321538646714512
2000-06-11,-3.2356494376671576,7.609974303777379,-21.18908630040235,-13.50957770607444
2000-06-12,-2.6850173875169077,7.4635289856661915,-21.522701161512565,-13.405166409849869
2000-06-13,-3.348804414711124,8.194160381070741,-21.765943350448545,-13.576878622537082
2000-06-14,-3.7986807978655697,7.509941537922293,-20.659115912406435,-13.71673211889948
2000-06-15,-4.786099606613731,6.5674791388394285,-21.81901087895947,-14.941000224182917
2000-06-16,-4.314411547143145,7.327600659372576,-21.216481931345754,-14.466831074624872
2000-06-17,-5.518565358756788,7.466831275922532,-20.358101249342113,-15.454323140201526
2000-06-18,-3.6235111793640296,7.196203836449086,-21.531196352394645,-15.408277843858274
2000-06-19,-2.2778412549122504,7.750155740100405,-22.00523440619714,-16.62161963060473
2000-06-20,-2.9977402471472296,9.401323542427905,-21.319992591168837,-16.59114368074612
2000-06-21,-0.9810520095265547,8.973762451414053,-20.604905748800487,-18.428186946911858
2000-06-22,1.023437940182124,9.150549108064622,-21.72243251653699,-18.754459325699393
2000-06-23,1.231086497230913,7.128629542318315,-19.866091754482785,-17.719631312223818
2000-06-24,0.6537229049970997,8.064031791657923,-21.72325387333758,-18.313215773912898
2000-06-25,-0.05296135138512659,8.853673415112919,-24.288689116670227,-19.684010945397095
2000-06-26,0.016383387591466944,8.00447929211993,-24.383304432154134,-21.05123726773143
2000-06-27,1.151728109415954,9.323958559855255,-26.16634990747587,-21.520722937242688
2000-06-28,0.9609335602615922,9.315070487590708,-26.61094843221436,-20.81339171080102
2000-06-29,1.7110129310619322,9.825277925609951,-26.95437462843743,-19.760842980109228
2000-06-30,1.3572186598252873,9.179981031549492,-26.7196831778678,-21.31726453435741
2000-07-01,0.55458041999293,9.218859108802738,-25.612734315916,-20.203563537064127
2000-07-02,-1.2176319288352282,9.38714549772312,-26.087091258464135,-19.119080014292944
2000-07-03,-0.5737659567312083,9.936554728400266,-28.04675172792472,-18.910771160391675
2000-07-04,1.6531791740278936,9.6663644690275,-29.64387088966121,-17.921018661228743
2000-07-05,2.633499361560797,8.69396126374626,-29.828054283763056,-19.1105035035155
2000-07-06,0.46101060136690464,6.938678453028093,-29.61580204936286,-18.331988528136687
2000-07-07,-0.3941685046743324,7.544140281171556,-30.70651890473649,-18.62689054252939
2000-07-08,0.8410626642057288,7.212403293831396,-30.37523206096548,-19.591499055465604
2000-07-09,1.8101094315329218,6.704152670666801,-31.881619936540936,-20.11589258771984
2000-07-10,2.47322405219489,6.198761819254429,-31.40468020385397,-19.31082871089902
2000-07-11,2.403206511366596,7.683127548481517,-31.08820851298329,-19.659254527408603
2000-07-12,1.59414188168161,6.589141734286454,-30.83189254154623,-20.345339325442048
2000-07-13,0.4358717289912075,6.128007486194108,-30.573389895066498,-18.200367433464848
2000-07-14,0.9460756117681752,5.107395671327688,-28.294273762665107,-20.69451332192532
2000-07-15,-0.7866155511262947,4.35165655987115,-28.207078115589198,-20.94616060517889
2000-07-16,-0.8488267989617498,5.89563701197298,-27.88489311298898,-20.4540139070942
2000-07-17,-1.1042417934182978,6.875136760298923,-26.49326886284024,-20.197651499222463
2000-07-18,-1.9533150335166116,8.385353031090856,-25.669252571006542,-20.775041930140492
2000-07-19,-3.630860984414177,8.453930998020205,-26.579017295569887,-21.46188049533477
2000-07-20,-2.627039648006976,9.214058601643574,-27.52862547743313,-21.852042445331715
2000-07-21,-4.185847014216089,9.04327368950849,-26.946825158982513,-21.43330223194082
2000-07-22,-3.9216997325685816,8.548058485062205,-27.00260807542388,-21.32117011444417
2000-07-23,-5.705700579394689,6.634061892318101,-27.79599368339123,-21.041213173840063
2000-07-24,-5.259172230313881,7.10653051913822,-27.315931235130833,-21.674658874327225
2000-07-25,-6.840036968914681,7.400001694744906,-26.6201853947422,-22.22584161610076
2000-07-26,-5.948596948364682,7.138738820663887,-26.050731571509598,-21.297123556689417
2000-07-27,-4.484189767822128,5.398941916974466,-26.309924565851244,-21.028244915425542
2000-07-28,-4.219745963247951,5.638020832438761,-27.650388794414276,-20.110543977036894
2000-07-29,-4.731395323167274,5.003226067466872,-28.24917210578752,-18.92117832036539
2000-07-30,-2.4979456150992334,3.925974958799831,-29.179939825759718,-18.41431640413355
2000-07-31,-1.6736163507767148,5.197344561407857,-30.226085131332457,-18.738382310724397
2000-08-01,-2.552470547573289,7.318915485149275,-32.10928661080044,-18.279771477736727
2000-08-02,-3.0973540483669404,7.252533052103213,-33.30461070409218,-18.334455707984063
2000-08-03,-2.6601611472224467,6.110921203782158,-33.99179064380541,-20.14485156401023
2000-08-04,-1.688695679067897,5.8022676780839815,-33.480304915248865,-19.045992996023433
2000-08-05,-1.9540904277831883,5.344670894522288,-33.40336792084023,-20.063514072459007
2000-08-06,-2.9701675429153065,4.220875833020719,-33.163778301994945,-20.719133903951317
2000-08-07,-3.442649354851388,3.9296214763879034,-32.09601011459757,-19.325863681152654
2000-08-08,-4.417496480543558,4.010241933955926,-31.769737504896884,-18.089750495356046
2000-08-09,-4.680527462973201,4.290346961622166,-31.550799099242415,-19.226478858621565
2000-08-10,-4.815635969946234,4.2129372556992495,-32.26629692963236,-18.204314188553088
2000-08-11,-4.376602285739427,4.2019209001650095,-31.498774460083137,-19.207179696760086
2000-08-12,-4.970094247300338,4.307451589133272,-31.003105765948014,-19.738954858662897
2000-08-13,-5.321591070876089,4.835898573240923,-31.82400375683602,-21.559762741216236
2000-08-14,-4.758193325980412,5.270249728481012,-30.749781149157744,-22.515659808519672
2000-08-15,-3.2267032862802125,5.925872482235742,-29.446760464656027,-22.884490634614487
2000-08-16,-3.938835264327607,4.743631072317452,-28.847271440729777,-21.31354899566418
2000-08-17,-2.9212089970403357,6.477911398899887,-27.49703269134369,-23.388289912886847
2000-08-18,-3.406716658836509,8.416894284568853,-26.448948430448333,-24.382044188768926
2000-08-19,-2.6855910236004883,8.45306182504305,-26.640180001420152,-24.351114186457522
2000-08-20,-4.1225301795631974,8.297065700885614,-28.003194225262373,-25.621443291839604
2000-08-21,-4.126714773603139,8.392271191114679,-27.250672808045085,-26.037668320394733
2000-08-22,-3.0119202370662936,8.485304667491144,-26.242373013923107,-26.0407124047416
2000-08-23,-1.8532564022974245,7.737346766298527,-26.08826468368586,-26.742360455631882
2000-08-24,-2.160530123500604,9.136966655543102,-25.608687748684854,-27.128459577043746
2000-08-25,-1.7789220935637224,8.647154826988205,-25.92587139572228,-27.119957022332784
2000-08-26,-1.7649827336152546,9.541558196992531,-26.736770724019422,-28.324552881366163
2000-08-27,-2.298517065569716,9.473150814285887,-25.409771292556464,-28.150646246004943
2000-08-28,-3.5951540370531747,10.870052727013345,-26.887644640677635,-27.71106550984353
2000-08-29,-4.014909956003222,9.650001806094581,-27.613752584163883,-27.62764861874646
2000-08-30,-3.3024893366289527,11.135354832369753,-28.013419661550376,-27.12826735784819
2000-08-31,-4.39932644501963,9.894826804275983,-27.74494648410521,-28.275929873769353
2000-09-01,-3.9373345299624063,10.559457863517222,-29.15464688873317,-27.558845855443014
2000-09-02,-3.0624743008452024,10.37288826067997,-28.795200865265002,-27.523588308729874
2000-09-03,-3.690658828652427,10.549976606310674,-28.252048620841084,-27.75521597083133
2000-09-04,-1.9785428233376399,9.9091619508519,-27.65047482590058,-27.9109214862154
2000-09-05,-3.793380362612199,9.791371510376587,-27.994640225506274,-29.81226276699892
2000-09-06,-3.2561559430376494,10.521306715764391,-29.561407651051308,-30.323954287850512
2000-09-07,-2.856598982173504,11.43270254405464,-30.531864607782293,-32.01170622314652
2000-09-08,-1.450840492755043,13.588042523755036,-30.61116734825928,-32.07641539105528
2000-09-09,-2.2271495071461644,12.925495291337539,-29.81395309794332,-32.56191044404998
2000-09-10,-2.5395949264074194,13.369214605497797,-27.932939137998574,-31.78037994348601
2000-09-11,-2.3873655608884308,14.236575504831205,-28.051130073552375,-32.30084221015712
2000-09-12,-1.8515335337485523,14.488418921863364,-27.658510152804524,-34.3397361487053
2000-09-13,-2.4011067731193325,15.580056261462522,-26.941586895374087,-35.30651072461666
2000-09-14,-1.3990921407065433,16.957476088885628,-26.635351873964407,-34.666167722318484
2000-09-15,-1.6047494398124331,16.262033269980208,-26.922994449744888,-35.48329317322787
2000-09-16,-1.5795733289224945,16.949040742789414,-28.686858103308836,-34.22994238305605
2000-09-17,-0.8816080450791234,17.180923396283035,-28.8469296216161,-35.695341433589135
2000-09-18,-1.3191230390230035,15.990651837482975,-29.537180308455937,-36.41746015036959
2000-09-19,-0.23530209248397704,15.311391867927295,-28.820672187103078,-35.57736586677819
2000-09-20,-0.453954549109074,14.47682796510657,-29.486789365479165,-34.94977077869581
2000-09-21,-1.3063888035482485,14.667119631279629,-30.66355484279106,-34.3287711758224
2000-09-22,-1.6732244032045611,14.262096728824245,-31.965016289696287,-35.312207186393856
2000-09-23,-1.94685724208781,15.162364436784294,-31.651395071808423,-34.13025589523119
2000-09-24,-1.3598129323547026,14.69487148461829,-30.742892805301196,-33.15685049708856
2000-09-25,-2.392138684474359,14.251806351895748,-28.37490230506427,-33.64932090138496
2000-09-26,-2.511201356389645,14.247561707737693,-27.2801675679969,-32.55183824995341
2000-09-27,-1.7384475513057995,14.827519582214387,-28.47707679481134,-32.378918580412424
2000-09-28,-2.053005912354698,13.874920394049983,-28.430528670247227,-33.73376775721981
2000-09-29,-2.4253767399855537,14.072047296934937,-28.22136131226133,-34.0623489742336
2000-09-30,-0.5476374793178806,13.968329209027347,-27.982809279479724,-33.69268806993703
2000-10-01,-0.4375153248136997,12.866908740873974,-25.322961145779832,-33.89453818832877
2000-10-02,-0.26403418622880226,13.471949659531704,-25.684073427928308,-34.12338407185872
2000-10-03,-1.1574497833372583,12.008634987474741,-26.57752295805176,-33.47378930294583
2000-10-04,-0.0682105603329406,11.387421864102501,-27.822381656951272,-32.958225963430905
2000-10-05,-0.4507027800255909,11.269285615830121,-27.358712274155515,-33.29924466232364
2000-10-06,-0.2836464192909339,11.509105956446872,-25.643658275313957,-33.05751679513293
2000-10-07,2.30997920451129,11.780362516824624,-24.881867733866052,-32.701447530649
2000-10-08,4.120759299247257,11.735224130018944,-26.511267796020142,-33.05449073860438
2000-10-09,4.208841989758996,11.8372987492825,-27.08184448866661,-33.06724927556032
2000-10-10,4.504131553234094,12.441641017833279,-28.72618266089856,-32.740661881291814
2000-10-11,4.824765190281261,11.818751314400023,-27.72931072096821,-32.661212443329
2000-10-12,6.668322797369069,11.32399102003739,-29.67697084973738,-33.22487115739942
2000-10-13,5.76014196750018,12.356004497316038,-29.801911043912668,-33.112042959795296
2000-10-14,6.007394576834376,10.382021887040402,-29.300379088238255,-32.560125424593906
2000-10-15,6.137094533129607,10.45864787626757,-30.55175799508998,-33.27233489971135
2000-10-16,6.514402377303119,10.415620609971434,-30.442052582242596,-33.375860113421595
2000-10-17,6.436548021315,10.487323785443033,-30.713968142937826,-32.600403518240064
2000-10-18,4.5078095030445136,9.470867828486345,-30.781039009200388,-31.253593791683603
2000-10-19,4.3696333069031255,10.72028764330222,-29.841650750300175,-30.299530197674184
2000-10-20,3.6989267638997676,12.17837427348134,-30.929895954128085,-30.96625630110559
2000-10-21,3.164110602003191,11.499944754823401,-31.04871688659198,-29.091653385832085
2000-10-22,2.782998669022887,13.222298289136116,-30.549558265792605,-29.437504459800046
2000-10-23,1.675895385906718,12.953537985298071,-31.431032667124324,-28.287106962422136
2000-10-24,3.2748132904402008,11.759346721134426,-29.820187762286572,-28.761349075552065
2000-10-25,3.600451299621516,12.167856051857079,-31.294835041204106,-30.130057629973116
2000-10-26,3.397638868225061,12.092439834675993,-31.56397954582035,-30.628762025671993
2000-10-27,4.938346536326486,12.900350518274127,-31.58330820684822,-29.174052199611946
2000-10-28,6.406314764715246,12.131470717629245,-32.011264385687454,-28.391512153329046
2000-10-29,6.206134485549727,11.526376415675628,-31.989787657554306,-28.299921765373593
2000-10-30,5.457768621377664,13.163185351459138,-32.03480071017917,-28.597349815069922
2000-10-31,4.600784495436107,14.218765628154479,-33.93072525920999,-30.61814070886181
2000-11-01,2.947237638425831,14.708827701095327,-32.4631198573927,-30.93475140097484
2000-11-02,1.771128575903268,13.525016592927958,-31.940905676006306,-31.123750480610944
2000-11-03,0.9822041070225753,13.694832561983713,-33.65712016568849,-29.48613501717299
2000-11-04,1.1446595189121562,15.139692130741688,-33.32343793365019,-29.95355446623422
2000-11-05,0.3838936056434614,15.650024577296328,-32.484755407879575,-31.21513730163748
2000-11-06,0.47695526917913905,14.681801941291772,-33.73899499667632,-30.543097608872483
2000-11-07,-0.8731538239553231,14.94149442556828,-32.63294000090967,-29.831890587003173
2000-11-08,-0.9263056207327646,15.37434020085072,-31.056720885488822,-29.51150504487801
2000-11-09,-1.7120896712239901,14.522409472574841,-32.258350301134364,-30.081041054133884
2000-11-10,-3.5112717278582366,14.587627849115313,-31.501424790813637,-30.49264987916717
2000-11-11,-2.1289372663581867,14.326003257552884,-33.04210693697092,-30.904116486863906
2000-11-12,-2.4623220422626093,13.575761334461927,-33.15660580379084,-31.44010182352537
2000-11-13,-0.8552387337351954,12.48919234288477,-34.26599883220903,-31.665254825228292
2000-11-14,-1.4045477210796329,12.788646893745138,-35.67512274272433,-31.63106052048425
2000-11-15,-1.6677769415722354,14.496917914320605,-35.212278718604374,-32.674913036104165
2000-11-16,-3.1834233715091242,12.892094905083972,-35.02052415650341,-32.84898222109429
2000-11-17,-2.8004555636247424,13.061172713737555,-33.63212286714533,-33.85643239795923
2000-11-18,-2.1194837768704393,15.57704537095934,-32.67378118593531,-34.051078307439
2000-11-19,-4.186746805246349,16.379141305741033,-34.27273734631507,-32.794964181545595
2000-11-20,-5.384504777948996,16.4157103551741,-33.90099323736866,-32.92326098117058
2000-11-21,-6.400791561189502,18.061337156908827,-34.15954418746046,-32.94005647715223
2000-11-22,-3.57741192860222,18.79251445745499,-34.129474433412376,-33.352359483723326
2000-11-23,-4.444853223382829,19.66118179707084,-35.94949442145786,-34.097930715564864
2000-11-24,-4.399545024542785,19.532326976159503,-36.752833363911954,-34.757117809786386
2000-11-25,-7.004208357946629,18.173593691867758,-35.65484489103363,-35.65350998294473
2000-11-26,-5.3224750130711485,19.16473733602118,-36.71622880520661,-34.1057721873453
2000-11-27,-5.530495700282414,20.194302838579752,-36.56276372783512,-34.19711431013137
2000-11-28,-6.144436813836338,20.85499757611311,-37.10184330020822,-34.15513792576194
2000-11-29,-6.023218543390874,21.354737560336513,-35.86584794235154,-33.49749467834408
2000-11-30,-7.335039643448558,20.685476192587537,-37.491427679121585,-34.261869111894036
2000-12-01,-6.454714270564855,20.900370301098228,-35.038749130232674,-33.72181324226903
2000-12-02,-6.907509125978331,21.36757540148667,-34.673599485527554,-32.59780467477582
2000-12-03,-8.043266188059995,20.96996076541278,-33.616018469903054,-32.606142737426616
2000-12-04,-8.479587613867395,21.591049701378083,-33.15369411898829,-32.68210704039179
2000-12-05,-9.686717868602363,21.217931797448827,-32.423736910043935,-32.84867514957017
2000-12-06,-8.843045975430273,20.604987515246577,-30.866038797957533,-32.306446432697825
2000-12-07,-8.802699148833863,20.171304300046945,-31.238965262175707,-30.702534934944136
2000-12-08,-8.38386748600309,19.68235861765446,-32.010509724114755,-31.74989516611633
2000-12-09,-8.467200016275871,19.76019508667996,-33.22040285951269,-31.539981928284742
2000-12-10,-9.003259183297699,19.49775526574127,-33.137094675007546,-30.298707484606403
2000-12-11,-7.340529268075594,18.925593919503978,-31.846300244934472,-28.952608303757692
2000-12-12,-7.796723635259045,19.123888301764737,-31.77754257093164,-28.39879988353988
2000-12-13,-9.393812215545559,20.698228933494583,-32.10799026165312,-27.960900846624263
2000-12-14,-9.187275710958497,19.972332807081315,-31.651042679636216,-27.31919684144007
2000-12-15,-9.624693967891444,19.858281483767758,-32.040339149868565,-27.80173466058921
2000-12-16,-8.571167714407743,20.233180627405204,-31.281496344434437,-27.703240502448352
2000-12-17,-8.533780846515182,19.714739914602607,-30.75006935841838,-26.493083225247396
2000-12-18,-10.068987435124304,19.277141080136328,-30.256502972006665,-28.12254017145245
2000-12-19,-9.613519609820088,19.412600481904143,-28.37438116126687,-26.828091293776286
2000-12-20,-9.40951856956873,17.058263393860017,-29.56949831916821,-26.66093935952538
2000-12-21,-8.959133662671666,15.188632346197114,-30.04313755889058,-26.985763338277465
2000-12-22,-8.41738801684791,17.321454117418373,-30.66197377272774,-27.195323927317403
2000-12-23,-9.513185773326876,18.87684495310962,-31.744145595379774,-28.46803758888781
2000-12-24,-7.541930092988267,20.010612890920502,-30.531726407785467,-27.697080729890743
2000-12-25,-6.490144167407854,18.861878021491677,-29.806980299058385,-28.204314383523297
2000-12-26,-5.492054673381686,18.57403532482733,-30.297698016376813,-29.46849414031005
2000-12-27,-4.662312817148935,19.71227296370637,-31.64910809238725,-28.566982624523163
2000-12-28,-2.0956181269397183,18.495851625590873,-29.575367227652393,-26.06980659053314
2000-12-29,-0.6738457117325276,18.39653768748386,-30.57469859277624,-27.660961217477343
2000-12-30,-0.03092509430608814,17.741494157255257,-31.18598091455417,-27.710025660025057
2000-12-31,0.44743256663597064,17.319839164833617,-33.33071340238833,-28.823883748965443
2001-01-01,1.087250757925521,16.062724085441864,-32.50398474863095,-27.298351149098902
2001-01-02,0.8859337830943848,13.532261258636916,-32.954183839839935,-27.77539171745986
2001-01-03,0.5556123832274714,12.752662454762774,-34.42909599292604,-27.881845863431053
2001-01-04,0.3577694870117545,12.870517806493629,-34.47156602732735,-26.9166418528746
2001-01-05,1.5403908247895794,12.560857999834564,-34.0711386565245,-25.761987408572143
2001-01-06,0.003987899423318231,14.076147731540187,-33.477160177728116,-24.941774125001714
2001-01-07,1.2635581872591297,13.582231136825621,-33.74201577960701,-26.76867911234929
2001-01-08,-0.05718723212742116,13.674242051472465,-34.66959499713337,-26.21933802932222
2001-01-09,-0.8098305762574243,13.623553364263595,-34.392214603841836,-26.744995054300823
2001-01-10,-0.08139945606632049,14.878619616457414,-36.14860925545071,-26.562038587874472
2001-01-11,-0.9956470275033568,17.10778458619727,-36.21493982555532,-26.498848280724737
2001-01-12,-3.3741414387291173,17.513362046235425,-36.42201076389279,-28.236058258795126
2001-01-13,-3.860242406770498,19.26434250409087,-36.751247564725844,-27.79347557197043
2001-01-14,-3.6138706813292027,18.86869470174856,-37.10588354457196,-27.774311832443836
2001-01-15,-4.07593095372061,18.615381917399997,-36.92434329518834,-28.092413656898067
2001-01-16,-1.7121629559652423,18.41952114740509,-35.62384828276887,-27.15143264019228
2001-01-17,-3.3601928394349607,19.14045688443293,-36.813639432402596,-27.331539231031734
2001-01-18,-3.4065979629617806,21.818447043389824,-35.98280458390316,-27.05621399107986
2001-01-19,-2.5579756695268085,21.221311825200264,-34.631714406071104,-25.415434433013928
2001-01-20,-2.844503243024582,21.161622656676926,-34.3436338992086,-25.472362239063123
2001-01-21,-4.61319047093961,21.043665505357126,-34.108980525001805,-25.629967650221154
2001-01-22,-5.828143903532865,20.82786537209527,-34.47673447932069,-24.599651838668144
2001-01-23,-5.33794329011082,20.962028073515068,-33.47149948227447,-24.979348991533698
2001-01-24,-4.003877907341533,19.689305000869755,-34.69119882752159,-25.139287628708566
2001-01-25,-4.447629601852808,21.77522550464614,-35.8732698751525,-26.160186897263586
2001-01-26,-3.0924178380698732,20.67797314626407,-34.807993455985276,-25.839412571739484
2001-01-27,-3.1885586577658667,21.348350526386735,-34.65700511695596,-26.536123827474697
2001-01-28,-3.6103976102172157,20.19897152349206,-33.205618183290056,-26.89096040178064
2001-01-29,-4.124208079994148,21.23228925353228,-35.84887747382444,-25.991966822604077
2001-01-30,-3.139897638138986,19.36550098343862,-35.139416037318966,-25.861838879541846
2001-01-31,-2.7608877332609167,19.072875985838785,-35.87030285155451,-27.24072733041981
2001-02-01,-3.0062391185748134,19.098235038251126,-37.59280431006638,-27.86851879831496
2001-02-02,-3.309950248643429,18.659625542206864,-37.78479278392017,-28.737552027645034
2001-02-03,-4.478009101543847,17.772477184628524,-38.21227970432506,-27.42004657882632
2001-02-04,-5.669931860367553,16.880000065550604,-37.37526328380973,-26.835447982583826
2001-02-05,-5.884370797142534,16.4609460933421,-38.55439165711097,-26.909844453788946
2001-02-06,-6.2358800372671555,16.394438835417912,-39.62616797474449,-26.66698322875705
2001-02-07,-5.744599199896757,16.746093508976184,-39.87243615534122,-24.80461369708519
2001-02-08,-6.198809313610052,16.196589241169914,-41.6909442806076,-22.5996090538846
2001-02-09,-6.680049230209689,15.524621470308666,-42.071037900517766,-23.08001516843157
2001-02-10,-5.657121416085981,15.488047447275093,-41.471465266065444,-22.07440947295404
2001-02-11,-3.7615937657997742,16.068236453070632,-41.18720217564178,-20.308284846590862
2001-02-12,-5.315988750272664,15.980388185443983,-41.82148481821521,-19.143025637161777
2001-02-13,-3.603811271418184,17.6322305991281,-41.802922220125154,-19.04726096136058
2001-02-14,-3.478163050379083,16.250805822611113,-41.62966884387806,-19.46026877009463
2001-02-15,-3.965092376989477,15.474401769693205,-42.57011769936627,-17.175882768670437
2001-02-16,-4.473309787556872,15.49037778739381,-43.036211828776516,-17.727562524939767
2001-02-17,-4.685926108578129,18.18442965785352,-42.89721398637377,-17.60892149962081
2001-02-18,-4.0964946126474695,16.80662126886963,-42.585142417820805,-19.210224620227564
2001-02-19,-3.363519134958633,18.454224895287584,-40.299936561688185,-19.50758696676238
2001-02-20,-3.8368667288787774,18.606373630100133,-40.88724326611797,-18.865518693972984
2001-02-21,-4.496254404351992,18.220079012239818,-42.682532127686486,-19.189512148163537
2001-02-22,-3.8766495316933915,17.509460812223164,-43.57884402345733,-19.44911253653597
2001-02-23,-4.989059920869032,18.6474833486864,-45.833480125910285,-18.964723390279406
2001-02-24,-5.262186274873684,19.564756362922175,-46.24457923710799,-19.485213314091688
2001-02-25,-5.09954017237179,19.2637242023216,-44.23072659533499,-21.885939261406364
2001-02-26,-5.285186344257438,19.11558052329114,-44.881330773840176,-20.708050172541846
2001-02-27,-6.456200146914157,20.54217743097498,-45.0850649016004,-21.89617156506269
2001-02-28,-5.2513609852053875,19.111170588323247,-45.52591623522956,-22.323462174482632
2001-03-01,-5.420935924982646,19.160632903087066,-46.61483890834653,-23.376246251570002
2001-03-02,-4.706682739994084,21.030368755537655,-46.523092534840735,-23.98350380312191
2001-03-03,-3.917545411168481,20.860356836255,-46.715518250416935,-23.870525416907043
2001-03-04,-2.273240934914516,18.993909012428002,-47.14184529543772,-22.892246724005446
2001-03-05,-3.6223282904381766,21.002970192438163,-46.16941952273855,-22.435747642843435
2001-03-06,-2.7226676196471913,20.6471714242327,-45.885328165688605,-22.93133470331639
2001-03-07,-3.690044181846962,19.436858438633298,-44.47848232479474,-23.81032307291241
2001-03-08,-3.1217450030481233,18.61695506342481,-44.80490524257898,-24.07345448345839
2001-03-09,-4.579693936149226,18.041708475009,-44.78975752089396,-24.482013943865827
2001-03-10,-4.846179165799696,17.41742183267001,-45.29151357381154,-23.73601359112897
2001-03-11,-5.654245666676819,18.786550839228102,-43.65767890285826,-23.568574923017827
2001-03-12,-4.531843154898941,18.88736804482251,-42.91928855452228,-24.544430876307587
2001-03-13,-3.512147061752603,18.359919000564133,-43.23455424676036,-24.979475303976837
2001-03-14,-2.508107326284831,17.21398657567581,-42.745504223871976,-23.898036684269872
2001-03-15,-2.7104708761600533,21.007026582070978,-42.89399916462709,-25.604998380613043
2001-03-16,-1.5868760398143518,22.106631435448033,-42.692766829271086,-23.76189121531057
2001-03-17,-3.101042839519905,20.889954928136294,-41.39936950291976,-24.26916031641069
2001-03-18,-4.660115596289772,22.569433539882255,-41.685204020316235,-25.465116710092904
2001-03-19,-4.383469347298937,21.740706906344414,-41.20380703830906,-26.01672065297938
2001-03-20,-3.2336420056024355,21.454403356185228,-39.75199888918038,-25.154762881038867
2001-03-21,-1.7491101928934496,20.58083538265835,-41.017722113429244,-24.7319039155023
2001-03-22,-1.96052489099542,20.896767084384184,-41.29113319604956,-23.919721508462583
2001-03-23,-2.2990361088052613,21.173887438675116,-39.81951546279713,-23.138330809024573
2001-03-24,-2.0424500348949834,22.057265545409013,-39.54654078817137,-26.02520873578099
2001-03-25,-4.615778355149825,22.462437679839635,-38.46984165865621,-26.981577499032767
2001-03-26,-3.1695149531869524,23.851516172657963,-39.036897855162714,-25.798524735242978
2001-03-27,-4.213198122452003,22.148042369317796,-39.30232723113706,-25.06735393631016
2001-03-28,-2.8473612914883546,21.71227773386464,-40.7310460189196,-25.320964406233482
2001-03-29,-2.426335931381777,18.67656690447835,-39.171375956046326,-24.724875817722943
2001-03-30,-1.7104310163194651,18.82473650440165,-40.55612133884685,-23.33310637331507
2001-03-31,-1.0025982797659374,18.360018018985656,-40.00968638060828,-23.623262830504224
2001-04-01,-1.1992444957759536,20.206268083380166,-39.71999282407802,-21.33793205897685
2001-04-02,0.3483292909631128,20.229933888690503,-40.25712531513611,-21.160872216976244
2001-04-03,-0.3842634388823044,18.621585955162047,-40.55622362505363,-20.048539095045474
2001-04-04,-1.6845629982574843,18.05923408251775,-40.19310196565788,-18.565596686222904
2001-04-05,-0.7915835772171533,19.450891001213705,-40.20421006442895,-20.15074086233951
2001-04-06,-0.8339968392265789,17.751201664032372,-40.196292546060555,-19.788768501913207
2001-04-07,0.07968418202423255,17.486433591146792,-40.9345396774696,-19.417730738302705
2001-04-08,0.5522699279181296,16.75469608622579,-40.358986692343585,-20.4538814652595
2001-04-09,0.6271202365866055,15.712238084701172,-40.1238373798142,-19.066245838342102
2001-04-10,0.22316922866155964,15.977470171731317,-41.378248878351236,-18.191774964793307
2001-04-11,-0.02808799347619262,15.632020651128002,-39.901972545975774,-17.65694183171012
2001-04-12,-0.2774920653543279,15.207373855077538,-39.89397205435797,-17.69532850765992
2001-04-13,-0.30606811513914467,16.668058976358793,-39.55820711779062,-17.286253574547484
2001-04-14,-0.6741564752351135,16.40513106254099,-40.08527765034208,-17.28911755245131
2001-04-15,-0.6691627358980374,17.216395009625277,-41.60648581507018,-17.690236641608763
2001-04-16,-1.0199887008692348,16.009863184961766,-41.42384633756348,-17.47394665920334
2001-04-17,-0.319667732465461,15.001110449994039,-43.567399540130225,-18.941989164063678
2001-04-18,0.31003937569756757,15.111202948647861,-44.823265550148314,-19.82299918178363
2001-04-19,2.2246103952594725,14.644074030649607,-44.86003775520401,-19.524746089940763
2001-04-20,2.495176400646322,13.901643947665043,-41.82085567823907,-19.76192938525451
2001-04-21,2.937449414389921,13.42408352757904,-43.012244881703275,-20.865090188711733
2001-04-22,2.6683618399654283,14.094029789013964,-42.58274176632323,-21.20396133282517
2001-04-23,2.420704460221934,15.012528119772412,-42.97622993584832,-20.582547976423726
2001-04-24,1.9701712025724327,14.59365542402727,-44.40602045122687,-18.842168342846254
2001-04-25,1.8230426366764234,16.62108745235532,-43.53104024185804,-19.07827292025309
2001-04-26,0.4716682909787768,16.11775657772016,-43.23598832793562,-19.51565072499185
2001-04-27,-0.18078038290512533,15.878964251290544,-43.444684765973115,-18.22422759087402
2001-04-28,-1.7408391334187447,15.594753700513287,-44.468483464996865,-18.636127099663014
2001-04-29,-0.6941259266972863,15.565601360566511,-44.41704653358344,-19.26466791295644
2001-04-30,-1.0484116698384671,14.919211727410069,-42.44846039117884,-19.52227176051286
2001-05-01,-1.2996838798105959,15.737866961963595,-42.67698146639105,-19.490032635982715
2001-05-02,-2.9107469971796247,15.521025539679153,-42.7818654058898,-18.34757757905804
2001-05-03,-3.0932929472441315,16.57701412926342,-42.83384221698176,-19.635910915955584
2001-05-04,-3.537580770284874,16.141891150428318,-41.04893710610017,-20.724894110329647
2001-05-05,-2.4681532996446656,17.155551629676843,-41.86714140460762,-22.417477539332218
2001-05-06,-2.4513054915979287,17.317361325783892,-42.558237376735384,-23.65984315822491
2001-05-07,-2.7880773292429226,17.478331250082864,-43.998133182755936,-24.75794386892189
2001-05-08,-3.1931994452988928,16.714745499172672,-43.26107115721488,-24.022541016765665
2001-05-09,-3.6401173497844765,16.778072751873676,-42.860487285168006,-24.008857231028173
2001-05-10,-3.100957859161404,18.49020082748739,-42.95666950380832,-24.853020783814195
2001-05-11,-3.289776789913244,16.43894040931948,-43.84905138876319,-27.720929882676398
2001-05-12,-1.6814947109321545,16.799617636273837,-44.752847844604844,-29.00111249272635
2001-05-13,-1.3133130623935483,15.60680775676683,-45.268754493085765,-28.39269435255087
2001-05-14,-3.5270599427048364,16.704423856226658,-44.5843698348311,-26.61353092653374
2001-05-15,-4.1641596788009805,16.593144625004797,-46.19402477628057,-27.60099265033866
2001-05-16,-2.512148524025463,16.96683036363783,-47.00417255480293,-26.657848822423464
2001-05-17,-3.2045263929174936,16.209445036028836,-45.48748393436266,-28.06970894360939
2001-05-18,-3.070163810129464,15.769414706557734,-45.516481460728926,-28.5745497173626
2001-05-19,-0.8873208812685798,15.240616993166604,-46.39903842012794,-27.94414554847347
2001-05-20,-3.5308558095001947,14.37182179530061,-46.50762292834991,-29.181903028217896
2001-05-21,-2.7386101290715636,14.29628638960411,-47.53319995320098,-30.13473887760646
2001-05-22,-2.878939322178011,13.23800033993563,-48.01933239096371,-29.76417679284058
2001-05-23,-1.8574233986751507,12.440016018416795,-49.877278083508784,-29.139534721555847
2001-05-24,-2.0805394516417564,13.31869328202695,-48.412415887900366,-29.56475758450474
2001-05-25,-2.772940169391302,13.191527048411436,-47.375688192471536,-28.22534647161947
2001-05-26,-3.2702148268503413,15.291149845918232,-49.3602085135174,-29.5217535076378
2001-05-27,-5.645129823852587,15.023330782497998,-49.839745767202196,-29.282370434974588
2001-05-28,-4.167222889313637,15.35691382512375,-49.605899606530265,-28.87819060040266
2001-05-29,-3.973299956252858,14.63737133179896,-50.543399189155025,-28.35114401034162
2001-05-30,-3.5103817816436647,14.285714489974865,-50.0512865797018,-29.3351618460843
2001-05-31,-3.6611139883138177,14.0660235275717,-50.59981866550827,-29.480379363978823
2001-06-01,-2.2930517842829268,14.734436700701742,-50.50512408950764,-28.599358166042148
2001-06-02,-1.7368311163147434,14.738706030757324,-51.810144495109625,-29.2164544163109
2001-06-03,-1.8858667193131207,13.197182635470627,-53.78490103225593,-29.462758389371462
2001-06-04,-1.61379916895434,13.886850236633315,-52.892094349528115,-28.099034848455425
2001-06-05,-1.571522032652035,12.346348229193653,-50.513883316789055,-27.78773574717194
2001-06-06,-2.8722718365482076,11.600056371067478,-50.01558535664101,-26.053203688478725
2001-06-07,-3.1010680963616792,9.978603216177854,-48.947614287936865,-26.90102465295663
2001-06-08,-3.1894504821546117,9.613103685959844,-48.733423878976225,-28.116411478451017
2001-06-09,-3.6040036146279717,9.856160686218859,-48.76201963954592,-28.877811249595595
2001-06-10,-4.591757105480611,8.817367720620501,-49.28190622625845,-29.64674841419695
2001-06-11,-7.062107408391958,7.4547938085561505,-49.676470806526225,-30.93376028835058
2001-06-12,-9.265719531405805,7.003620204571467,-51.29689136503531,-30.905267184160472
2001-06-13,-9.624402536018286,5.458469998925982,-50.16156431819027,-31.790808994805534
2001-06-14,-8.837493276712463,6.027472092978139,-51.195569516139926,-33.383375685681735
2001-06-15,-9.108465293456227,6.336743655136215,-52.31127084060613,-32.79231334879035
2001-06-16,-8.003117558512264,6.508952463292311,-53.77395902728466,-31.496475287234325
2001-06-17,-7.5740099822414075,7.292736564318624,-54.12959026512534,-30.55087742133673
2001-06-18,-8.655496277891249,5.668294740018915,-52.838682335042705,-29.334946832154646
2001-06-19,-8.543999638277734,6.0495369072391805,-50.98632039901045,-28.088914755897612
2001-06-20,-9.018658622707056,5.994512216993128,-52.021379642050114,-28.20356119052129
2001-06-21,-9.838522414230553,5.714372459878653,-50.663315411864765,-29.248462864381416
2001-06-22,-9.966567054237464,4.752772445210392,-50.250151692001815,-29.372495194385156
2001-06-23,-9.259075954073825,4.888958248554659,-49.79347460048531,-28.977198587687283
2001-06-24,-9.102137897917851,5.192595105312593,-48.923965316439975,-29.523714336295704
2001-06-25,-10.333403433015985,4.784383812336841,-49.421837172954966,-29.352303242074015
2001-06-26,-10.062419876408514,3.393292177998012,-49.515979888075066,-29.98240455084437
2001-06-27,-9.946530660200825,3.725355880412298,-49.53671211893164,-31.187931591666075
2001-06-28,-12.203218166837408,2.2845865323913666,-49.18692677517831,-30.24229193302128
2001-06-29,-11.515251481756342,0.850461354592148,-48.556667934281926,-30.922797662001408
2001-06-30,-10.46307484983511,-0.85321864695979,-47.7728799044561,-30.10385484508718
2001-07-01,-10.645549948224012,-0.8954535990578224,-49.248393485723724,-29.62099307607168
2001-07-02,-11.269101923975118,0.22087811321494166,-49.60635563325136,-29.976724513575377
2001-07-03,-10.926244291861554,2.917723829962179,-48.26106087642599,-31.2566298156029
2001-07-04,-11.148198063511312,3.3266921126047206,-47.87926269049998,-31.58223234720931
2001-07-05,-10.259180803333603,3.7207582470572023,-50.31426195261148,-33.317049576712165
2001-07-06,-12.100104963822465,3.204705811951673,-49.06244294671157,-35.114167539372055
2001-07-07,-11.935607133845663,5.774411905772949,-47.98202009727553,-36.70587002951935
2001-07-08,-12.442255132401884,5.456914233623424,-48.51403326358835,-37.80781877868271
2001-07-09,-12.912920050384823,4.960945460194644,-48.02320004106468,-38.102142944372176
2001-07-10,-10.687679461175033,4.587461813509246,-47.4277432426027,-39.15144098903483
2001-07-11,-11.634409330108355,5.304761800265658,-47.86416545304436,-38.85754004536798
2001-07-12,-11.723000910635067,6.641761819102895,-47.666403682128674,-38.66072483057353
2001-07-13,-11.62005469548717,5.519602163685503,-47.746623000746496,-38.818327495956076
2001-07-14,-12.205700873867263,4.842703576549228,-47.8143860857263,-40.02652977227089
2001-07-15,-14.121031065872591,5.702126370860068,-46.48543626627987,-39.29174531562231
2001-07-16,-13.682231752176559,5.593290034271267,-47.4932459473109,-39.45516497872496
2001-07-17,-12.360865028557466,5.018465962955164,-47.402394978159364,-38.77988077453571
2001-07-18,-12.924282783586511,5.366269658289606,-46.81953389337572,-39.13964188046115
2001-07-19,-11.202056614600307,5.418998256908633,-47.0539895445932,-40.16807951870554
2001-07-20,-10.707881116158589,6.380497605637055,-47.729211742243116,-37.971326568668125
2001-07-21,-10.162538279523515,5.679443698445941,-46.365367351612825,-36.91276556448349
2001-07-22,-8.525844080691268,6.887127121082544,-47.26831006387999,-36.36801716827323
2001-07-23,-7.951230714522821,8.312597790142815,-47.62501461064268,-37.19969613528352
2001-07-24,-9.340311626582734,7.887731081360011,-48.54266207347725,-38.32721441225272
2001-07-25,-10.06906234508617,9.334641751485862,-46.112113889159225,-37.54126744359592
2001-07-26,-9.798856117153173,7.832857900297043,-45.842602392455355,-37.50557785862139
2001-07-27,-9.791517347475375,8.802933441218116,-46.68374102425799,-38.58362702503703
2001-07-28,-9.932777339343929,8.375453518122685,-46.63067227559614,-39.71465436907652
2001-07-29,-10.787853194744557,9.251174794247607,-46.32394017475188,-39.731769194150644
2001-07-30,-10.17197624807711,9.158788673978352,-46.810957370142766,-41.65423267129421
2001-07-31,-8.846929771929036,8.886958780371128,-45.72714297786304,-43.08202527684546
2001-08-01,-12.183319577810295,9.308803628428107,-43.86906645151193,-41.53390322086236
2001-08-02,-10.367437651232171,8.037330562920879,-43.68012225960254,-42.581679571319484
2001-08-03,-10.68088586135367,8.353332854151548,-44.88923563288733,-40.61067861552647
2001-08-04,-8.998392361930664,8.997754389365316,-44.56582284961145,-39.916884046076255
2001-08-05,-8.346076424029249,7.296741674333572,-46.048844599214995,-39.72095917055759
2001-08-06,-9.159188373654523,8.107711598882464,-46.42453735525645,-39.280092884610056
2001-08-07,-9.541298282378175,8.686493483889306,-46.33895363656935,-40.168602064330074
2001-08-08,-7.860863640485744,9.187473538145266,-46.32741826778754,-40.78454468666365
2001-08-09,-7.627700220757315,9.6013277375837,-46.868198425470304,-39.820670080969755
2001-08-10,-5.690808285988465,9.36724506560715,-47.658464911672084,-41.015061146769625
2001-08-11,-6.974588084528266,10.696640286252183,-45.905443323213035,-41.18516989519434
2001-08-12,-7.178843224571963,10.147193111547923,-45.30272552726058,-41.759035801173106
2001-08-13,-5.356807178495667,11.814268143386526,-44.20541279381679,-41.16126735274465
2001-08-14,-4.889059560382962,11.7385060344984,-44.612275872626334,-40.84422670705121
2001-08-15,-5.650182453642502,10.104910803322912,-46.48468973753048,-40.77098455847654
2001-08-16,-4.949320739646397,11.983361552811587,-46.481219706576006,-41.4927240275886
2001-08-17,-4.765054228756247,11.783179953526709,-46.7832014203584,-41.78005145047978
2001-08-18,-4.895181063082073,10.624265337740265,-47.272698697941586,-42.063452527500644
2001-08-19,-5.757499595943569,11.597420664788741,-48.564733953495725,-40.4818916185299
2001-08-20,-6.116798412304147,12.448736815107479,-47.905280059691975,-40.33398499950854
2001-08-21,-5.899508579594557,13.536572501140883,-48.04544962426973,-40.36909575118111
2001-08-22,-6.202765307171149,12.630872394631819,-48.78683397231434,-38.113443582134124
2001-08-23,-4.320388622349641,11.882642757360756,-49.75688536599333,-37.654761350676274
2001-08-24,-5.737148835842202,12.866891682540922,-48.22098779570358,-38.602046771953205
2001-08-25,-7.731605244568005,11.592793331723641,-47.09898850191295,-38.52903692651386
2001-08-26,-7.247439007928524,12.699303344274188,-46.47643778919123,-40.893846529697115
2001-08-27,-6.931708732759768,11.847212921410422,-46.522844906849784,-42.69837717234919
2001-08-28,-6.860693524863488,12.028311492175913,-46.832153490336694,-43.80637772328227
2001-08-29,-5.710611547496236,12.389753744305809,-45.84878287856113,-44.929764134390204
2001-08-30,-5.769781422120899,12.665862270019874,-45.27063508984828,-44.564864759742406
2001-08-31,-6.6041447964690265,12.9212807647121,-43.16015264430161,-43.30365191061151
2001-09-01,-7.4594641703157905,13.37594097414621,-44.05884104497685,-42.48322509246605
2001-09-02,-7.8644059431180295,12.60348192205939,-44.53870723616335,-43.40010455934328
2001-09-03,-9.479067420963554,11.81021518866577,-45.34630632675001,-43.181207323838606
2001-09-04,-9.489666445699099,10.56132296628408,-44.15330792915552,-43.839501640502974
2001-09-05,-11.130954067473427,11.110195016652185,-44.892554274289665,-43.96825755034724
2001-09-06,-8.000534348861308,11.967331148435818,-44.73771512870263,-44.50269388145764
2001-09-07,-7.2779457075998915,11.91740630997348,-44.10647458788609,-44.63543938347897
2001-09-08,-8.019187095743677,11.582595190560088,-43.69335037124507,-43.52891372428583
2001-09-09,-8.204670180058413,12.549738112461796,-44.00824246079714,-44.95185456339878
2001-09-10,-7.593648224654492,12.21301508311403,-43.80827503860705,-44.45582352856828
2001-09-11,-8.389986937034259,12.638268875820758,-44.64776072647285,-43.88309335429145
2001-09-12,-6.934778430173896,13.426071330733786,-46.39605063736815,-44.520292755164505
2001-09-13,-6.598114642971483,11.585424549598503,-45.28143404020563,-42.848094331986275
2001-09-14,-4.528841202897391,11.772100390852275,-44.84571226072877,-42.83881691257259
2001-09-15,-5.772303593788822,11.666811707945335,-44.223646194205614,-42.47025846158516
2001-09-16,-4.8015277461777375,9.59414257275476,-41.07245020822953,-42.547922597867036
2001-09-17,-3.431426202169794,9.71210146464793,-42.650044115446,-41.604078889561734
2001-09-18,-1.3996084261834514,10.425224132053023,-43.23377521074922,-42.39544418621236
2001-09-19,1.1211814704391458,9.421511277634588,-43.9135799402399,-43.60869385292022
2001-09-20,0.16519077983454977,8.559129983183016,-46.393775745837296,-41.91513416456587
2001-09-21,-1.1316928948882188,6.516518510300442,-45.06747748859367,-42.40908755205753
2001-09-22,-0.7280860468103032,5.04870336878325,-44.653450583612226,-42.16877190158475
2001-09-23,-0.7316708023822882,3.365970671571774,-43.752997856929696,-43.63536821044153
2001-09-24,-3.20828233903394,3.401983504277784,-45.353317820675095,-42.758819336095826
2001-09-25,-4.0219757579118065,3.0797810137522155,-46.48303062187151,-43.911259625034816
2001-09-26,-4.082763108644612,4.817535650679798,-47.44850190751095,-43.73057249604143
2001-09-27,-3.493814510226344,6.01226097674958,-49.44343893053874,-43.089502339026495
2001-09-28,-3.0605049538474143,7.342143691341254,-50.886618922264255,-44.09636955649468
2001-09-29,-4.860692613715649,8.19585639845093,-50.46656368610157,-43.858736589091535
2001-09-30,-4.284739338606213,9.111069614020249,-48.32050720175649,-45.211442948152005
2001-10-01,-3.6516249707046766,9.481816150613533,-46.72625627877941,-45.88597418945312
2001-10-02,-6.485145347688228,10.803341051717116,-47.35794530805097,-45.43037704375899
2001-10-03,-5.71755701826459,10.279801437496587,-46.96651724775825,-44.90144958424963
2001-10-04,-6.471480730541839,10.569209144428934,-46.78485328513749,-45.96257230372537
2001-10-05,-6.6284207136779125,10.112615883000984,-46.492306627151976,-46.862315839696706
2001-10-06,-6.581739811348392,10.776479284994615,-45.67377776755042,-47.1837150201634
2001-10-07,-6.4280448607518075,10.255755888559687,-44.417725105589405,-47.82573924322646
2001-10-08,-6.913224806603058,9.963693381041779,-44.42808537617802,-48.15303749435068
2001-10-09,-5.484182509139306,8.590400305972807,-44.542725040453504,-47.078518139442025
2001-10-10,-6.62557395577163,8.225025500395903,-44.84008531822855,-46.98180443763437
2001-10-11,-6.20935083572823,8.788738579952941,-44.38460993193867,-45.74434618706001
2001-10-12,-5.895225786444688,7.3020682887448825,-45.976418802620955,-46.170656655348246
2001-10-13,-7.356854507047783,6.850021586405918,-45.54468317198088,-45.51450565571802
2001-10-14,-7.506744951931458,8.216517394694792,-45.401732832056275,-45.58594807581305
2001-10-15,-8.111634487842657,6.478529806176983,-44.55766968872264,-45.710129414905566
2001-10-16,-8.404106686950922,5.186762884047914,-43.31307761708991,-46.63180890350566
2001-10-17,-10.425466739094944,3.702210711715317,-44.43376952870122,-47.84467483908275
2001-10-18,-10.556517223303164,5.069973549829936,-45.22794044646748,-47.387814442367834
2001-10-19,-11.577938709941645,7.516042055412509,-45.78042761571039,-45.03406356828301
2001-10-20,-11.535772711822121,8.656002471431924,-43.4380017354175,-45.76295533730712
2001-10-21,-11.669726699175987,7.686050313121998,-41.86444033636152,-44.620398615854235
2001-10-22,-11.937557856728601,8.18705147492683,-39.961371837093886,-44.33063928938533
2001-10-23,-11.195198969979286,7.821326269517078,-40.39045066264105,-44.66787208537336
2001-10-24,-10.322158180053288,8.411469446881547,-40.175466578681764,-45.2378530833142
2001-10-25,-11.458609983472872,9.682935741095337,-41.51350731834206,-44.25641695623846
2001-10-26,-11.718429605630053,8.225872726897647,-41.09367355273325,-44.31101027461703
2001-10-27,-11.485615277914539,8.75126655932005,-40.44025086400268,-44.92614490615132
2001-10-28,-11.213049784195185,8.641518892927794,-38.56240816902449,-45.4439498842526
2001-10-29,-10.421142833630027,9.727236891436155,-35.96598529931465,-43.70516395132898
2001-10-30,-10.915187523943137,9.908125024341825,-36.23053056102685,-45.51951439060378
2001-10-31,-9.30634481531034,9.66242123578751,-36.178639873508175,-44.74971914028911
2001-11-01,-9.802464455675588,9.444528942754701,-37.49265480004005,-45.15645261364704
2001-11-02,-9.49726785922803,11.494408661842007,-36.969184979167316,-45.67428908209785
2001-11-03,-8.886215686461597,11.421423977072601,-35.89373827685111,-44.90009732043553
2001-11-04,-9.135320105121414,11.814811000185895,-35.66261268582291,-44.350306091470685
2001-11-05,-9.273384138022182,13.736756252786684,-36.34263073296387,-45.018811912967266
2001-11-06,-10.647316247598583,12.179694613308737,-36.02798317663431,-44.42202101599837
2001-11-07,-9.944531074796961,13.380503646019761,-34.51382598698458,-46.23219011909137
2001-11-08,-11.845586776316885,15.006653344016263,-34.17573044960735,-47.03409928354395
2001-11-09,-12.01110888343937,15.85258408300106,-34.03851394292861,-46.45852218375922
2001-11-10,-12.750496106654534,16.039726174742107,-32.28882395762539,-46.03185045670731
2001-11-11,-13.543377085653436,15.970294001953233,-32.78482581331984,-45.957008057216164
2001-11-12,-12.004038587501881,16.58959273143946,-33.066195537333776,-45.83125728476892
2001-11-13,-12.27507335876715,17.704395104781838,-31.23942941878579,-46.00736714528277
2001-11-14,-10.975579011252709,17.518051505512794,-30.40411917343811,-43.833064052111155
2001-11-15,-10.454573598714875,17.860033084500785,-29.132342779736977,-43.02060598378457
2001-11-16,-8.631983156785276,18.120852977168703,-27.738121674204947,-42.760005696137995
2001-11-17,-8.948918548365643,16.613537885980264,-27.82601209517656,-41.477400772783156
2001-11-18,-7.493724814971266,16.687292610767244,-28.92185373021918,-41.241188110179614
2001-11-19,-9.906430034114525,15.775608023998958,-29.813779069842894,-41.87568565643052
2001-11-20,-9.844859086691397,16.94677443063479,-29.952718753347387,-41.2118149544779
2001-11-21,-9.681885020111839,16.23744601509377,-30.82459666806057,-42.9811656115207
2001-11-22,-7.740330109630915,16.641499778353495,-29.87955501135601,-43.84674587485373
2001-11-23,-8.941363653496271,15.285948121761194,-29.001863840127584,-42.24411214356722
2001-11-24,-9.058005258711434,14.352373559278654,-30.73422956635187,-41.823042932302606
2001-11-25,-8.081441893392435,13.158855082107006,-31.180042003084203,-41.45545261442625
2001-11-26,-7.902036443036525,14.47405963916587,-31.60325842590497,-42.267509800132885
2001-11-27,-6.741686689747805,14.131570588099205,-30.93750291940816,-41.92890183373746
2001-11-28,-5.996543789782539,14.787101326151744,-30.830671606350258,-40.91454854904068
2001-11-29,-5.516389167721977,15.175242958815197,-30.271566793330265,-40.41592420733012
2001-11-30,-6.191900964129468,15.873871176964254,-29.872755229004845,-39.364944764072135
2001-12-01,-6.8952962577282895,16.747969630801077,-28.223865858238984,-40.18016222542679
2001-12-02,-6.170265301007396,16.275614300712455,-27.764558248742375,-41.177448293985066
2001-12-03,-4.361965349039952,15.01054828128793,-26.90638059329124,-41.94475994879171
2001-12-04,-5.37445844966229,14.175715135609448,-27.740671962098777,-42.206130432884386
2001-12-05,-4.455446752899282,15.725992266350362,-27.3565159220569,-42.31660631030295
2001-12-06,-3.378492258006491,15.993770294521333,-25.763137507429626,-42.68665519638803
2001-12-07,-5.121610783294542,16.053660163702222,-26.33877546945772,-42.90214781864694
2001-12-08,-4.821840156184458,15.41234011638755,-27.89537196867699,-44.23672453123581
2001-12-09,-5.828228610509806,16.607850650918014,-27.675116375750008,-43.062772700354245
2001-12-10,-6.218251101213728,16.438280858453446,-27.92520063815292,-42.824133633086014
2001-12-11,-6.653691848376259,16.446158058640876,-29.01051880530189,-43.916423783274965
2001-12-12,-7.4814841327076085,16.105773900118976,-28.130057242766288,-43.382969591909294
2001-12-13,-8.412964402107528,14.154469533885726,-28.812154112084094,-44.0528221665396
2001-12-14,-9.318227427844286,15.302977303677336,-29.07044271146173,-42.95192799317157
2001-12-15,-9.638132477309762,13.987623094172857,-28.016605489429338,-44.91817416528702
2001-12-16,-10.132883922466736,12.036541381496374,-28.908518658814227,-45.2053204720675
2001-12-17,-9.731856538049422,12.9888461100914,-28.732003513019613,-45.047763804414025
2001-12-18,-8.222890016646314,14.96135764270199,-29.239715571432438,-43.652211018234226
2001-12-19,-7.950185700624985,11.964095175312066,-31.546280024844574,-43.97264085063579
2001-12-20,-8.616453090816622,12.465924523746056,-30.431667225853513,-44.14755100978388
2001-12-21,-8.095168001161518,12.580129210910576,-31.877154713924206,-44.11266920205994
2001-12-22,-8.20048811196072,14.147541096495297,-31.590455287616702,-44.011388677348826
2001-12-23,-8.74512749380628,13.112860096678455,-31.014270885079927,-44.220207426051275
2001-12-24,-8.747096328493457,12.833757017621599,-31.032170213699256,-46.05761168061484
2001-12-25,-7.973044612228633,14.210529700893785,-31.717857632105765,-45.255341018020616
2001-12-26,-8.498289510159037,15.763842962385931,-29.972042155262095,-46.07413868470419
2001-12-27,-7.495682573187341,14.868961365992291,-29.89450138222621,-46.21974250578999
2001-12-28,-6.996297221286306,13.149069223756245,-27.97921265764599,-47.0917568530669
2001-12-29,-7.730223516755113,14.003066728911694,-27.180876922339547,-45.511951756373406
2001-12-30,-8.697564255573303,12.98787907089209,-25.568669695382237,-44.718770358698094
2001-12-31,-6.8948197484680644,13.65483132310896,-25.43527363261342,-43.28285347759697
2002-01-01,-5.235615344273671,12.157215907251032,-25.490581204165622,-44.23235350688753
2002-01-02,-5.033114905132589,10.7463609420735,-25.744306804492087,-44.22318958507742
2002-01-03,-5.948975787641687,9.936626698090365,-26.00914550034277,-44.12167905562052
2002-01-04,-5.575684796890905,8.58951762547933,-27.135330178740148,-43.565678403626414
2002-01-05,-4.969750987607384,9.50968706123145,-28.18566535924404,-43.853013253888456
2002-01-06,-3.67176969064225,8.325604549979106,-30.37272455610359,-40.57024749277011
2002-01-07,-3.8981390992993097,7.867970321510254,-30.58232215889718,-39.34162898995759
2002-01-08,-3.5735888091248813,7.398827526999641,-32.16283637130056,-37.94430635624774
2002-01-09,-1.903101967809356,6.387656495728005,-31.752261358254202,-38.35098776543161
2002-01-10,-2.94795180114948,7.25483164049225,-30.831929597502068,-34.838681839365655
2002-01-11,-0.7705823911276735,7.024931261151479,-31.524239999647563,-35.32785064122648
2002-01-12,-1.725627480804129,7.018493828139807,-29.83011924515299,-34.22164247961788
2002-01-13,-2.650257708089471,7.608254866704644,-29.30124631495875,-34.02459281584864
2002-01-14,-3.919105017949434,7.220997632478449,-30.56363886590985,-33.85377485251413
2002-01-15,-4.317917376276919,8.692804424310271,-30.333950386224302,-32.63632942847071
2002-01-16,-4.147655990215047,8.753198807869461,-31.02802773266849,-32.64157138856099
2002-01-17,-2.42397177363597,8.311442181230035,-31.863136417738183,-32.62678211479557
2002-01-18,-2.5357785357312053,7.644473383170036,-31.841461246735367,-33.54259187654555
2002-01-19,-0.8407640057797485,6.0820296287819,-32.393398222290216,-33.28697136092545
2002-01-20,-0.01613986871882278,7.2011507902401375,-33.38615473892241,-33.315882550957305
2002-01-21,-0.05692656090954194,6.099343415185398,-34.048185156997604,-33.470061706415095
2002-01-22,1.1188482844244287,5.831764316075112,-34.119551486906765,-32.670841848970596
2002-01-23,-0.8328968391876272,5.483832766566212,-32.819836983272715,-33.06429602223557
2002-01-24,-0.43849015406561237,7.5627836455932025,-33.20975407848292,-33.163342786187634
2002-01-25,1.0290565842878927,7.529107823059855,-32.047251913123326,-33.53581989633076
2002-01-26,0.9487485338223727,6.544768160527978,-32.377836548483515,-35.166462593999675
2002-01-27,1.1336599921937989,6.320796918073389,-32.133248677434686,-36.22724395109432
2002-01-28,1.0008608172082831,6.97802363276818,-32.001230628296696,-37.83540988566749
2002-01-29,0.9307312162486656,6.04532110076908,-30.93584537327323,-36.9995648478995
2002-01-30,1.9209698356886813,5.597549012875521,-30.609667198363674,-36.97921994759941
2002-01-31,3.257128600013764,7.133993011513564,-30.642527414425057,-36.63446330340589
2002-02-01,4.574993240655408,5.934991679120358,-31.38099588485234,-34.74461217148874
2002-02-02,4.0867159380431195,7.119516462400825,-28.798280593325025,-34.838516080060124
2002-02-03,2.829593607487948,5.18829246968366,-29.414102368499254,-35.14438475332466
2002-02-04,1.9705433158702128,5.4134919693363175,-29.519085231477572,-35.14375019386729
2002-02-05,2.2759213108751037,6.225973893845586,-29.778141744625877,-34.58922350725937
2002-02-06,2.3038234338314076,5.022566128310056,-31.456273998486534,-32.559057531733224
2002-02-07,2.7376057112927166,4.398501652246798,-30.369979708120155,-34.286612324315485
2002-02-08,3.8626919805788793,4.126616049565545,-29.446874873038844,-33.165517718536975
2002-02-09,4.0813580571907,3.4276801900799234,-28.82809199133977,-33.83346543728511
2002-02-10,2.5670328223737218,2.856093783377532,-29.558343183035927,-34.126222867400536
2002-02-11,1.0021118441089265,2.8633869305117656,-31.123181642299624,-34.81386086551039
2002-02-12,2.389795018169956,1.7410820109417584,-31.99571633701356,-34.67295251124978
2002-02-13,1.1950678574939844,2.6266679030571427,-30.854502578271312,-35.099927919014725
2002-02-14,1.0459512254563614,4.128039356551068,-30.7643636063403,-37.12754583680475
2002-02-15,1.0498442841868463,2.688396636647709,-30.413803682115695,-38.845016172803305
2002-02-16,-0.48878039977538923,3.830319996746171,-29.405382035954865,-38.86219570579494
2002-02-17,-0.3361998499071439,3.7292940633232057,-32.079951160569806,-39.02068102241311
2002-02-18,-1.1561500791228532,3.4149887724713617,-30.393617146817878,-40.17097293236799
2002-02-19,-1.8033065711969056,4.5904720112928405,-30.1427984512108,-38.53025107302897
2002-02-20,-1.8484268490499263,3.4801187880912456,-29.256067862759878,-38.62027929207085
2002-02-21,-3.2274721335573355,3.6947959142009195,-29.3705464007945,-38.54775213643335
2002-02-22,-3.6797078389386364,5.0266057699294056,-29.525880163199773,-37.40678656229719
2002-02-23,-3.36868571925856,2.575141637858712,-29.644149513081377,-35.98272220132953
2002-02-24,-3.738831467853508,3.2648180805122156,-27.98261793242677,-37.56232901807445
2002-02-25,-3.9021599733508445,1.6968588535281832,-28.22869848741634,-38.06158658665278
2002-02-26,-5.111664883102096,4.778030254662045,-27.55818751086728,-36.74252648054297
2002-02-27,-4.229250002708797,6.323055404043586,-28.366348340071077,-37.97554554820112
2002-02-28,-3.555348975367318,6.384433188168517,-25.36992359104107,-37.53954360031257
2002-03-01,-4.290354762905108,6.237374747993388,-24.79423385106701,-36.68879236784159
2002-03-02,-4.020110236581599,5.748900671717082,-24.555212306662252,-34.933155312798206
2002-03-03,-3.220825208296033,4.865714593553963,-25.482666972215913,-34.65964038337027
2002-03-04,-3.673840060007122,4.947936510294213,-24.91765496968518,-34.59413194654107
2002-03-05,-3.182298739016408,4.619876852111551,-26.875604521299152,-33.50042016006995
2002-03-06,-3.3316979716634005,5.751593235890526,-27.29485585367667,-33.8114964109697
2002-03-07,-2.9088039961746883,6.606913368678556,-25.58079691387151,-33.95352278632442
2002-03-08,-2.2154714663030877,7.377900235954219,-25.946001864281115,-35.28122233612469
2002-03-09,-1.7001580657063344,9.214624011591118,-25.519150609183463,-35.9715359722112
2002-03-10,-0.6336874854176213,9.747150002841332,-24.41109496420421,-36.33639222313012
2002-03-11,0.09766229673233662,9.67643666954271,-24.980112754613337,-37.010915033925706
2002-03-12,0.21375033773215563,10.82884642930885,-26.3659562644653,-37.64713164326371
2002-03-13,-0.0022105004333484723,11.542097843688016,-28.91023330340664,-36.385519355983554
2002-03-14,1.6605657481898768,10.12240428510815,-28.713900483338268,-37.00402093969913
2002-03-15,2.978756210047579,10.165826001801028,-28.63081475239979,-37.141333821438536
2002-03-16,3.930461080884988,10.079151841906295,-25.992310431453024,-37.93802830344106
2002-03-17,5.963285851154277,9.571634380915938,-26.82835682827013,-37.39740563495024
2002-03-18,5.495372574960381,10.569617703248836,-25.95389180520481,-38.28427008398387
2002-03-19,5.81718698609915,11.006701936842768,-25.845415208019023,-37.797752979455325
2002-03-20,5.192826388564962,10.148380276172528,-26.783170154045607,-36.460311323361076
2002-03-21,3.6997814153767328,9.847039865722683,-27.585871488842095,-36.50994291396759
2002-03-22,2.2000228069419485,9.928089415700049,-28.134662945748023,-35.625134698973454
2002-03-23,1.732373006084969,9.283162974505931,-30.867496394223657,-36.057425112262344
2002-03-24,0.653022888649875,9.747764967226379,-30.629036311315634,-33.869468023370345
2002-03-25,1.519360371178121,9.28352542908686,-28.74733079412365,-33.955731838500746
2002-03-26,3.96333372066112,9.772329993591802,-30.236364658814566,-33.692027253414516
2002-03-27,3.1084361234991125,10.037868504413593,-30.69611430540831,-34.75586403948614
2002-03-28,4.382271943399262,8.21550409834625,-31.07627581478296,-34.28985170109548
2002-03-29,5.202092397825507,7.599147438126017,-31.496489322008156,-32.48322646939735
2002-03-30,5.3719463525173605,8.412103497219892,-31.92778186673857,-31.96559459342211
2002-03-31,5.647019130710854,9.756039763293028,-31.76473216582616,-31.321761260781173
2002-04-01,5.817314279961546,9.02703278313058,-33.092095865672505,-30.191209477787176
2002-04-02,5.572197371893063,7.6541584533527685,-33.84110992650944,-29.860200004491762
2002-04-03,4.99688267166078,9.215491820768046,-35.117331620579776,-30.125808279408368
2002-04-04,5.741009969540668,8.443995512440694,-36.02648679674698,-30.9829302489333
2002-04-05,5.8155853248578975,7.4807264422224975,-37.380085856626195,-31.377430984738318
2002-04-06,7.275691789528054,7.880355047290519,-38.946500779547954,-32.76857690005294
2002-04-07,7.3938644191165865,6.490632698659159,-39.68991253288522,-31.82348032776034
2002-04-08,8.21153441985801,5.142514711490915,-38.022825059257556,-33.392274332767556
2002-04-09,9.28255093677579,5.234378121539953,-38.78524550281096,-32.16215027352069
2002-04-10,9.242258661607554,4.794411822806912,-38.5191565915706,-32.53716092098356
2002-04-11,10.734544633958105,6.455284627031029,-39.419817805612524,-30.79695598239032
2002-04-12,10.860736261174981,6.871705706829957,-39.599620493882455,-30.99049158416919
2002-04-13,12.830085148257423,7.203330290614373,-40.13454149288765,-29.78801538619933
2002-04-14,12.38924078483545,6.679520271356058,-40.66345131544226,-29.942446210798575
2002-04-15,14.459361854025511,5.5507897159316055,-37.909547638323225,-28.36368136154778
2002-04-16,15.459265219209666,4.386727492553812,-38.28213049623919,-27.743924468287123
2002-04-17,14.964248768916706,5.955705703565684,-39.031738029825256,-27.954190142923633
2002-04-18,15.614205705982158,4.35492183112964,-38.53639346434205,-28.498237817987405
2002-04-19,17.5057253393591,2.8381516298560214,-38.42448091791686,-31.291299260761768
2002-04-20,17.1160435253249,3.1858132127601904,-36.75961224473769,-31.472152000927377
2002-04-21,16.40045572705252,2.050892967570131,-37.11472436906764,-31.420174107702287
2002-04-22,16.095094247618576,3.0688255787033243,-37.611613813933836,-30.383911425719162
2002-04-23,14.344854802828223,3.145258207022797,-39.18096006162135,-30.653782316758257
2002-04-24,15.688908188562825,2.7264847223931135,-39.31816602471677,-31.061117406235788
2002-04-25,16.165717178825822,3.4286704537562906,-38.3988421981841,-33.49199302296347
2002-04-26,16.087017999349936,2.479036401567111,-38.78035379687868,-32.86269105057957
2002-04-27,15.895801729905918,2.869143449817424,-38.69365303420457,-33.73604398281261
2002-04-28,14.26612216629712,2.9923554323598567,-39.750942433141304,-32.970827947808495
2002-04-29,13.42870492416225,2.844981099211877,-40.41267339240279,-33.931825669605225
2002-04-30,12.658648546207152,3.6257726026030856,-40.203024975466384,-33.90291878745548
2002-05-01,12.549535055656257,2.1041660650470955,-39.221839681948836,-33.99742421692033
2002-05-02,13.613865608915376,1.9636653061841736,-41.552071460718075,-33.444693476785915
2002-05-03,16.926573948629596,2.485596920346416,-44.07667258534668,-33.66754747110849
2002-05-04,15.847877513277655,3.2412441090576722,-43.913094028535376,-34.71235853127783
2002-05-05,15.376883533587465,2.9443260901736856,-43.86335898700574,-36.8557241945642
2002-05-06,14.419828451818844,2.9737329259495096,-42.59483124354422,-38.121541785055584
2002-05-07,15.19083307414962,3.303824704566496,-42.24237714449738,-38.67053982877486
2002-05-08,17.2501522880982,3.3997938900876874,-43.205282374233086,-38.72352693078453
2002-05-09,17.74246437258174,3.795288727559144,-43.730284553529316,-38.67536033079807
2002-05-10,17.283751352623664,3.597115963041305,-42.79538031019958,-37.3463939107151
2002-05-11,16.662269720765014,4.747457772130463,-41.69749667123849,-37.09622470469104
2002-05-12,16.094246496859416,5.837454259518748,-41.72516891772113,-35.75126677396261
2002-05-13,16.601471103848993,4.334898735119469,-42.00342543142467,-34.94002679329423
2002-05-14,16.094740032697416,4.18546660861103,-42.53791295814254,-36.70692561992869
2002-05-15,17.765157469599913,3.0884216639985715,-43.83030014664902,-36.682424518967004
2002-05-16,18.056651634510555,1.749856162533095,-45.246387597496586,-38.677894831033406
2002-05-17,18.45578873973215,1.0286233874213155,-45.096464966734075,-38.779488446141556
2002-05-18,19.685323622555103,0.6987885637894375,-44.6506948849923,-38.18520236600808
2002-05-19,18.79415956537239,1.1285331056904842,-46.52682798691575,-39.10507886401029
2002-05-20,19.386880091196225,1.8285214006392199,-46.4134716206964,-39.14604786597625
2002-05-21,19.750438094979703,0.9236866820076902,-46.15542739601445,-39.52298656001336
2002-05-22,20.84841037014275,2.8242462882614134,-46.5321427085192,-40.174115824744554
2002-05-23,21.935557356547513,4.088974249193559,-48.63776725813388,-39.61738690830687
2002-05-24,23.153785897787166,1.9414441658539818,-50.77563880314971,-39.398048680094924
2002-05-25,23.923610467574587,2.2682622214120034,-50.073665307269835,-39.2385622733818
2002-05-26,24.088942224075343,1.9460899006985595,-49.6583746020563,-39.754138439304825
2002-05-27,23.941668901136453,1.5894306050023062,-49.619506047587365,-39.97633163041225
2002-05-28,22.924002767989784,0.6278135985616942,-47.157074410693134,-39.86628084249362
2002-05-29,23.11341081930157,2.0011971090241767,-46.59138881470036,-39.62238749973917
2002-05-30,22.464574788774954,1.2485311972125481,-46.522298806280034,-39.681232943519575
2002-05-31,21.56953573176215,0.04566652742390187,-45.60081112527148,-39.04471247964209
2002-06-01,22.220415320405984,0.9623903571213976,-44.1786146380769,-39.16838764380079
2002-06-02,20.150979461155984,1.573480577619017,-43.70170564402202,-39.31446413430589
2002-06-03,20.930425429938133,2.647853842290022,-42.36861707097947,-40.31201075776889
2002-06-04,21.92286761539607,3.611633737135696,-42.09010883662795,-39.91749517184364
2002-06-05,24.34916436109948,3.391214344203226,-42.000440208492165,-38.75986029576171
2002-06-06,27.211321973754387,3.178914141530008,-42.609243093848704,-38.59331903556396
2002-06-07,27.728433719057048,3.0792712306998036,-41.47521962718184,-37.73455833539558
2002-06-08,27.79074333028941,2.323068264742933,-41.908789999309654,-36.16671583260366
2002-06-09,26.990947376013054,1.0046038528009824,-42.375470574533395,-36.0701601840752
2002-06-10,26.977195959497998,1.9315987125196499,-41.585014987418425,-37.29931073691602
2002-06-11,28.59300649083205,1.0057291378493034,-40.58963019286553,-37.891824248202695
2002-06-12,28.710117340286217,1.3241635980998874,-41.530789386918514,-37.88535531414484
2002-06-13,29.882186245154223,1.3271604214653159,-41.16502676598731,-35.92329315918648
2002-06-14,28.25457592596289,1.0025360715162959,-41.53181351351259,-35.162061624628386
2002-06-15,27.75021741720995,1.2709543208729996,-41.63267679709292,-35.558244977264295
2002-06-16,28.038536215105587,-0.12260340120752944,-43.135290274422964,-35.939734696961544
2002-06-17,27.70985039527551,1.6282425375954452,-42.636553138456655,-36.265806758478014
2002-06-18,28.227137041016537,1.851810793559125,-43.95673505632935,-36.65555808313211
2002-06-19,27.077997178761496,1.7149320864738282,-45.639935772151205,-35.0524517063691
2002-06-20,27.474199334390935,2.4505730051719072,-45.69142243267981,-36.05724482275968
2002-06-21,27.45646307801858,2.6344160032918467,-45.20766576423054,-36.05381520433023
2002-06-22,25.888051117560114,2.7500180568790116,-46.98525105712536,-36.87824302849508
2002-06-23,23.615525578173624,0.6137592565301753,-48.15237389759374,-37.7237747881862
2002-06-24,24.006824842468582,1.7227022662753229,-48.42855903720942,-38.51333112704531
2002-06-25,25.49416975070971,1.3001861956064746,-48.75280693951585,-40.12134552119793
2002-06-26,24.72444326844622,1.2955283732086949,-47.67082647169167,-39.60612469396954
2002-06-27,25.326797026968446,1.7100198591888018,-45.94190523008029,-40.10268973914267
2002-06-28,26.222577826891076,0.1581795285886458,-47.324732126067296,-42.2368734242766
2002-06-29,28.045756097539662,-1.2234989992845158,-48.75597680530849,-42.385571686964305
2002-06-30,27.410842811307354,-1.130109798023638,-47.79016725700396,-43.62677923909726
2002-07-01,26.23451315197126,0.5236787331424242,-46.7199067330796,-43.67080402667395
2002-07-02,25.28112752675581,1.8756614037078116,-47.4835592533473,-45.06182615345488
2002-07-03,25.203341753823217,1.6194196391584137,-46.64212677069379,-44.56555362839249
2002-07-04,24.966062289901252,0.7516357125972897,-45.84854642479318,-45.61295974406911
2002-07-05,24.36367853526424,2.4436669872457566,-46.514446744691114,-44.42275042228263
2002-07-06,25.21085420190778,2.393619366120485,-46.930361287001496,-45.14232722760631
2002-07-07,24.32139513266004,1.5987337389991532,-47.86300530483584,-44.94702824031889
2002-07-08,25.00996992034167,1.3129496465503065,-46.08772155836613,-43.94897897778256
2002-07-09,24.69146950580042,1.3324595500580196,-45.550376638090455,-44.12704265686046
2002-07-10,25.93286779169274,1.2543896532458196,-44.794039302213434,-45.024227353440686
2002-07-11,24.77792362324622,1.1884499957825225,-44.87362327767531,-44.57171126812283
2002-07-12,24.558317872708653,0.9983758262680626,-44.355095395064545,-44.57248593913714
2002-07-13,23.89608497276281,0.45645077346107177,-44.996006270874425,-45.86349550931695
2002-07-14,25.34625163277616,0.8936546189273855,-44.90124786689005,-45.51806521247031
2002-07-15,23.896688234805875,0.9532172159001693,-45.06357514063533,-45.450371635923744
2002-07-16,22.513709855838272,-0.3827221524985658,-44.29470382272402,-45.94280530477535
2002-07-17,21.02616262932478,-0.9901392730206274,-44.87230009768225,-46.85787890950663
2002-07-18,20.415960322825363,-0.6746241515558244,-43.967716686508155,-47.15736673145914
2002-07-19,18.68622190470763,-1.5544093461828543,-44.212794559978256,-46.39198722151322
2002-07-20,20.04454923611589,-1.0558286442341938,-43.37893788347538,-46.880581031040386
2002-07-21,19.22382410183342,-1.1035550499429814,-42.80378028024762,-46.16823463434646
2002-07-22,18.705474101761325,-2.1075270888733284,-41.859265855564416,-47.30449978183287
2002-07-23,18.368196806720043,-0.04172525685784567,-42.182751212130285,-48.1764230681063
2002-07-24,16.435557256382094,-0.6008528159202711,-42.20383917967846,-48.1480099741018
2002-07-25,16.109889203575403,-2.0318437368352615,-42.11584289646354,-47.576850838900754
2002-07-26,15.760567578570107,-1.390070568518476,-41.829060508196456,-47.55758417028832
2002-07-27,17.052212743532966,-2.30739515410371,-42.861349317334,-47.121173342069675
2002-07-28,17.31134784570901,-2.2159672648227136,-41.682036920740565,-47.62904783914505
2002-07-29,15.877593683242717,-1.0596306379825755,-42.18280046560778,-47.668885983948584
2002-07-30,16.16707510436406,-1.5100719727044374,-40.805917674895106,-46.73559666995063
2002-07-31,15.81808013730277,-3.0611789706783927,-41.11042334123658,-46.39762963609861
2002-08-01,15.69156277952164,-3.6106466475215573,-43.2323451631095,-46.06733743834217
2002-08-02,16.125040761550597,-3.657264211807607,-46.00273168669836,-45.11937279573953
2002-08-03,15.794330754091693,-4.976467063368163,-45.89398104864002,-44.809105130243594
2002-08-04,15.770718191204514,-5.40387179502195,-45.572063259306795,-44.01218508218986
2002-08-05,15.40393673371362,-5.768896042513054,-46.61216270204701,-42.37565690545526
2002-08-06,14.49928314962581,-5.146001006968872,-46.13937727558483,-42.67916324560633
2002-08-07,15.379076649659655,-4.266578323503561,-45.36015694471868,-42.02784939087044
2002-08-08,14.657079014479487,-4.180731410282484,-45.12542504404934,-40.77281437387734
2002-08-09,13.439628819600873,-5.514536002712733,-44.295071405005075,-40.225579056941186
2002-08-10,14.456332928463194,-3.926081287833703,-44.995081396517,-38.9293927771384
2002-08-11,13.294029185387885,-3.153336892638876,-45.40699052453265,-38.27854369949434
2002-08-12,13.66191441696298,-1.979248378417528,-44.40037772614039,-38.53460742986154
2002-08-13,13.411356656495462,-2.948972754697891,-44.98675373080325,-37.69664720533717
2002-08-14,11.628596040464707,-2.331651298967888,-45.784890448445466,-36.72719960820157
2002-08-15,12.34068062250003,-3.159242974233708,-44.632938952010946,-36.17445781342517
2002-08-16,11.535994628462989,-2.986718719386679,-46.89192188988787,-34.82261603654254
2002-08-17,11.102151122169342,-1.988579612192913,-46.23760852365383,-34.088322500510564
2002-08-18,11.62856852518103,-1.9283846348321787,-46.064082867060236,-35.52103255591953
2002-08-19,13.346956307703604,-2.269195637334362,-46.10150994294594,-35.79049479760312
2002-08-20,12.444907418355061,-0.7538640086110804,-44.955104703534154,-36.84168154029013
2002-08-21,11.113255265561024,-1.7124487878243164,-45.84443098461302,-36.14775932666913
2002-08-22,11.708050944195728,-2.9647964860590186,-48.22768320688644,-35.57783784446487
2002-08-23,12.042320494525669,-1.406353837890625,-48.96646467037081,-35.269699838490354
2002-08-24,13.207706508753569,-1.4109879352557464,-48.71239708877848,-35.02438268653978
2002-08-25,12.82511483356033,-2.847841557903349,-48.758748169570616,-34.97929812347311
2002-08-26,13.973635181176508,-3.3120529707419806,-49.078153324688664,-34.53979820375763
2002-08-27,12.978971084813809,-4.747399131573055,-49.30795780013089,-34.90810264973704
2002-08-28,13.38692260683773,-4.315394840453304,-50.0974637304586,-35.17952318716438
2002-08-29,12.972683993114776,-2.226204090914665,-50.89490802275505,-34.23152281219563
2002-08-30,12.121117834662599,-3.471154147754949,-51.1015375305303,-35.66431642074969
2002-08-31,11.40714624576271,-4.02361363476326,-50.566914075493806,-37.829697498291736
2002-09-01,11.080710121516026,-4.174598483263908,-50.8083567573568,-39.683904367836426
2002-09-02,10.827216993398801,-4.294709165148641,-51.83118735774669,-40.68744284779065
2002-09-03,11.063949266065542,-3.5354010196989654,-52.98569661170988,-42.16006605307693
2002-09-04,10.438016436934745,-5.566207322085821,-52.77066642935602,-43.0976314773883
2002-09-05,10.31307304518636,-6.133067075274254,-54.10564965655527,-41.77737122253756
2002-09-06,8.29092172478271,-6.886257499963433,-54.03681852192237,-41.43921977531393
2002-09-07,8.654890181396368,-6.986314531552873,-53.856321948824004,-42.23313590041338
2002-09-08,6.720790715721572,-6.391080262606782,-54.132194768103176,-42.04745813178728
2002-09-09,6.5727965381638445,-6.58468227868708,-54.22726044500804,-42.946377698349764
2002-09-10,5.7997318012821415,-5.638689038018654,-53.56865950519719,-43.57402491265958
2002-09-11,6.432213461573592,-4.401115052661251,-53.79341837743466,-43.303307301703455
2002-09-12,5.132393673004097,-2.5550057426975075,-55.22679899539936,-42.837078405191555
2002-09-13,4.540609024057803,-3.219134432198498,-54.680284298605144,-43.45647207555109
2002-09-14,4.289995301181676,-1.7752582513879893,-54.7591365777511,-43.07736675027969
2002-09-15,3.089283730383597,-1.2284444375390597,-53.94135386039964,-40.46189020335952
2002-09-16,3.6499890295457496,-0.19841158624359312,-55.25264403119254,-40.281869775204015
2002-09-17,1.457197429441047,-0.8716070718224811,-55.88880344765393,-41.70168190094804
2002-09-18,1.2089083345116483,0.6883737064226758,-55.64452069995531,-42.40148393164391
2002-09-19,2.1413137834505336,0.5420363511177699,-56.38715816337074,-41.5157547066101
2002-09-20,2.9119182894844426,0.5583869779414437,-57.273673002787504,-40.956377875208084
2002-09-21,2.5786112548017837,1.0397980429942009,-57.78718972679869,-40.82244837070478
2002-09-22,3.15220427636205,0.9235106087112654,-58.41311552322657,-41.298428471840985
2002-09-23,3.5906393421316003,0.7463733805687985,-58.07124915584131,-41.81013030310588
2002-09-24,2.4889766701839324,-0.4700761779684227,-58.09826729192655,-43.114046458277414
2002-09-25,1.7551564404618034,-2.142519464628092,-58.238224275961315,-45.01222507613874
2002-09-26,1.1183510613973253,-3.206491987698027,-58.1281974795189,-44.34706325460227
